df2_No,df2_地区名,df2_施設名,df2_住所,df2_地震,df2_津波,df2_高潮,df2_洪水,df2_土砂,df2_z,共通ID,市町村,更新日
1,番町,番町公民館,松山市二番町4-3-4,O,O,O,A,O,24,E3820100479111,松山市,2025/1/16
2,番町,番町小学校,松山市二番町4-6-1,O,O,O,A,O,23.6,E3820100480111,松山市,2025/1/16
3,東雲,東雲公民館,松山市勝山町2-11-5,O,O,O,A,O,31.9,E3820100219111,松山市,2025/1/16
4,東雲,東雲小学校,松山市文京町2-1,O,O,O,A,O,30.6,E3820100528111,松山市,2025/1/16
5,東雲,東中学校,松山市文京町2-2,O,O,O,A,O,30.4,E3820100529111,松山市,2025/1/16
6,東雲,八雲保育園,松山市此花町1-8,O,O,O,X,O,33.57,E3820100170111,松山市,2025/1/16
7,東雲,東雲保育園,松山市東雲町7-1,O,O,O,A,O,30.4,E3820100406111,松山市,2025/1/16
8,東雲,松山東雲中学・高等学校（体育館）,松山市大街道3-2-24,O,O,O,O,X,38.1,E3820100334111,松山市,2025/1/16
9,東雲,松山商業高等学校（体育館）,松山市旭町71,O,O,O,X,O,29.9,E3820100002111,松山市,2025/1/16
10,東雲,松山東高等学校（体育館）,松山市持田町2-2-12,O,O,O,X,O,33.29,E3820100198111,松山市,2025/1/16
11,東雲,松山北高等学校（体育館）,松山市文京町4-1,O,O,O,X,O,26.4,E3820100531111,松山市,2025/1/16
12,東雲,愛媛大学（城北地区 第1・第2体育館）,松山市文京町3,O,O,O,X,O,27.6,E3820100530111,松山市,2025/1/16
13,東雲,学校法人松山大学（体育館）,松山市文京町4-2,O,O,O,X,O,26.2,E3820100532111,松山市,2025/1/16
14,八坂,八坂公民館,松山市三番町1-3-2,O,O,O,A,O,27.1,E3820100176111,松山市,2025/1/16
15,八坂,八坂小学校,松山市湯渡町4-20,O,O,O,A,O,33.68,E3820100440111,松山市,2025/1/16
16,素鵞,素鵞公民館,松山市中村3-2-34,O,O,O,A,O,26.44,E3820100357111,松山市,2025/1/16
17,素鵞,素鵞小学校,松山市小坂1-4-48,O,O,O,A,O,31.31,E3820100222111,松山市,2025/1/16
18,素鵞,拓南中学校,松山市枝松5-4-39,O,O,O,A,O,29.34,E3820100195111,松山市,2025/1/16
19,素鵞,松山保育園,松山市中村3-5-29,O,O,O,A,O,25.55,E3820100359111,松山市,2025/1/16
20,雄郡,雄郡公民館,松山市小栗3-5-24,O,O,O,A,O,18.34,E3820100220111,松山市,2025/1/16
21,雄郡,雄郡小学校,松山市土橋町1,O,O,O,A,O,18.15,E3820100403111,松山市,2025/1/16
22,雄郡,双葉小学校,松山市土居田町123-3,O,O,O,A,O,15.34,E3820100399111,松山市,2025/1/16
23,雄郡,たちばな小学校,松山市針田町209-1,O,O,O,A,O,9.57,E3820100268111,松山市,2025/1/16
24,雄郡,城西中学校,松山市竹原3-19-35,O,O,O,A,O,14.86,E3820100348111,松山市,2025/1/16
25,雄郡,雄新中学校,松山市土居田町1,O,O,O,A,O,15.45,E3820100398111,松山市,2025/1/16
26,雄郡,まつやまＲｅ・再来館,松山市空港通1-1-32,O,O,O,O,O,15.2,E3820100098111,松山市,2025/1/16
27,雄郡,松山工業高等学校（体育館）,松山市真砂町1,O,O,O,X,O,19.43,E3820100264111,松山市,2025/1/16
28,雄郡,松山南高等学校（体育館）,松山市末広町11-1,O,O,O,X,O,21.27,E3820100605111,松山市,2025/1/16
29,雄郡,聖カタリナ学園高等学校（体育館）,松山市永代町10-1,O,O,O,X,O,21.35,E3820100020111,松山市,2025/1/16
29,雄郡,聖カタリナ学園高等学校（体育館）,松山市永代町10-1,O,O,O,X,O,21.35,E3820100378111,松山市,2025/1/16
30,雄郡,聖カタリナ学園高等学校（講堂兼体育館）,松山市藤原町468,O,O,O,X,O,20.71,E3820100441111,松山市,2025/1/16
31,新玉,中央・新玉公民館,松山市千舟町8-69-4,O,O,O,A,O,17.1,E3820100307111,松山市,2025/1/16
32,新玉,新玉小学校,松山市千舟町8-89,O,O,O,A,O,16.86,E3820100308111,松山市,2025/1/16
33,新玉,学校法人済美学園 済美高等学校（体育館）,松山市湊町7-9-1,X,O,O,X,O,18.97,E3820100610111,松山市,2025/1/16
34,味酒,味酒公民館,松山市松前町5-1-6,O,O,O,A,O,20.6,E3820100241111,松山市,2025/1/16
35,味酒,味酒小学校,松山市宮西2-2-21,O,O,O,A,O,18.2,E3820100092111,松山市,2025/1/16
36,味酒,朝美保育園,松山市美沢2-7-39,O,O,O,A,O,16.74,E3820100515111,松山市,2025/1/16
37,味酒,学校法人愛光学園（体育館）,松山市衣山5-1610－1,O,O,O,O,O,31.2,E3820100010111,松山市,2025/1/16
38,清水,清水公民館,松山市清水町3-170-4,O,O,O,A,O,24.71,E3820100284111,松山市,2025/1/16
39,清水,清水小学校,松山市清水町3-15,O,O,O,A,O,25.9,E3820100283111,松山市,2025/1/16
40,清水,姫山小学校,松山市山越3-800,O,O,O,O,A,36.1,E3820100181111,松山市,2025/1/16
41,清水,勝山中学校,松山市清水町3-148-2,O,O,O,A,O,24.45,E3820100282111,松山市,2025/1/16
42,清水,山越保育園,松山市山越1-19-40,O,O,O,O,O,19.38,E3820100179111,松山市,2025/1/16
43,清水,清水公民館桜ヶ丘団地分館,松山市御幸1-545-3,O,O,O,O,X,42.3,E3820100135111,松山市,2025/1/16
44,清水,清水ふれあいセンター,松山市清水町1-9-9,O,O,O,O,O,23.6,E3820100280111,松山市,2025/1/16
45,清水,学校法人松山大学 御幸キャンパス（体育館）,松山市御幸1-320-1 外,O,O,O,O,A,50.6,E3820100133111,松山市,2025/1/16
46,桑原,桑原公民館,松山市桑原2-6-35,O,O,O,A,O,39.32,E3820100105111,松山市,2025/1/16
47,桑原,桑原小学校,松山市桑原3-7-27,O,O,O,A,O,40.64,E3820100108111,松山市,2025/1/16
48,桑原,桑原中学校,松山市畑寺町丙238-28,O,O,O,O,A,67.9,E3820100507111,松山市,2025/1/16
49,桑原,桑原保育園,松山市桑原4-10-22,O,O,O,O,O,41.88,E3820100109111,松山市,2025/1/16
50,桑原,松山市畑寺福祉センター（１階、２階部分）,松山市畑寺4-8-5,O,O,O,A,A,42.2,E3820100505111,松山市,2025/1/16
51,桑原,愛媛大学附属高等学校（体育館）,松山市樽味3-2-40,O,O,O,X,O,42.67,E3820100347111,松山市,2025/1/16
52,桑原,松山東雲女子大学・短期大学（体育館）,松山市桑原3-2-1,O,O,O,O,O,42.92,E3820100107111,松山市,2025/1/16
53,桑原,愛媛慈恵会地域交流ホーム,松山市束本2-13-3,O,O,O,A,O,30.58,E3820100322111,松山市,2025/1/16
54,桑原,愛媛県研修所（講堂兼体育館）,松山市東野4-225,X,O,O,O,O,70.8,E3820100663111,松山市,2025/1/16
55,道後,道後公民館,松山市道後町1-5-31,O,O,O,A,O,38.6,E3820100446111,松山市,2025/1/16
56,道後,道後小学校,松山市石手4-10-5,O,O,O,A,O,42.9,E3820100302111,松山市,2025/1/16
57,道後,湯築小学校,松山市道後北代10-41,O,O,O,A,O,33.2,E3820100450111,松山市,2025/1/16
58,道後,道後中学校,松山市上市1-3-57,O,O,O,A,O,40.5,E3820100244111,松山市,2025/1/16
59,道後,道後保育園,松山市道後姫塚123-1,O,O,O,O,X,53.3,E3820100448111,松山市,2025/1/16
60,道後,道後公民館祝谷分館,松山市祝谷5-7-15,O,O,O,O,A,44.8,E3820100209111,松山市,2025/1/16
61,道後,道後公民館祝谷東町分館,松山市祝谷東町乙742-34,X,O,O,O,X,102.7,E3820100213111,松山市,2025/1/16
62,道後,愛媛大学教育学部附属小学校（体育館）,松山市持田町1-5-22,O,O,O,X,O,35,E3820100197112,松山市,2025/1/16
63,道後,愛媛大学教育学部附属中学校（体育館）,松山市持田町1-5-22,O,O,O,X,O,35.4,E3820100197111,松山市,2025/1/16
64,味生,味生公民館,松山市別府町177-1,O,O,O,A,O,7.3,E3820100544111,松山市,2025/1/16
65,味生,味生小学校,松山市別府町166-4,O,O,O,A,O,6.2,E3820100543111,松山市,2025/1/16
66,味生,味生第二小学校,松山市別府町3-1,O,O,O,O,A,10.6,E3820100545111,松山市,2025/1/16
67,味生,津田中学校,松山市北斎院町1106,O,O,O,A,X,7.8,E3820100562111,松山市,2025/1/16
68,味生,味生保育園,松山市北斎院町759-1,O,O,O,A,O,6.7,E3820100565111,松山市,2025/1/16
69,味生,済美平成中等教育学校（体育館）,松山市空港通5-6-3,O,O,O,X,O,9.72,E3820100100111,松山市,2025/1/16
70,味生,学校法人新田学園（中央体育館）,松山市山西町663,X,O,X,X,O,4.6,E3820100186111,松山市,2025/1/16
71,生石,生石公民館,松山市高岡町860-67,O,O,O,A,O,6.1,E3820100162111,松山市,2025/1/16
72,生石,生石小学校,松山市高岡町630-3,O,O,O,A,O,6.3,E3820100158111,松山市,2025/1/16
73,生石,西中学校,松山市高岡町409,O,O,O,A,O,6.32,E3820100154111,松山市,2025/1/16
74,生石,生石保育園,松山市高岡町860-1,O,O,O,A,O,5.9,E3820100161111,松山市,2025/1/16
75,生石,生石公民館北吉田分館,松山市北吉田町1237-2,X,O,A,A,O,2.91,E3820100557111,松山市,2025/1/16
76,生石,生石公民館高岡分館,松山市高岡町566,O,O,O,A,O,7.1,E3820100156111,松山市,2025/1/16
77,垣生,垣生公民館,松山市西垣生町1228-2,O,O,O,A,O,4.75,E3820100286111,松山市,2025/1/16
78,垣生,垣生小学校,松山市西垣生町730-1,O,O,A,A,O,3.37,E3820100291111,松山市,2025/1/16
79,垣生,垣生中学校,松山市西垣生町418,O,O,A,A,O,3.12,E3820100290111,松山市,2025/1/16
80,垣生,木の実幼稚園（遊戯場）,松山市西垣生町1690-1,O,X,X,X,O,2.19,E3820100288111,松山市,2025/1/16
81,宮前,宮前公民館,松山市古三津1-26-48,O,X,A,A,O,2.51,E3820100121111,松山市,2025/1/16
82,宮前,宮前小学校,松山市祓川1-3-39,O,X,A,A,O,2.16,E3820100658111,松山市,2025/1/16
83,宮前,中須賀保育園,松山市中須賀1-12-17,O,X,X,A,O,1.9,E3820100350111,松山市,2025/1/16
84,三津浜,三津浜公民館,松山市三津3-2-30,O,O,A,O,O,4.14,E3820100175112,松山市,2025/1/16
85,三津浜,三津浜小学校,松山市梅田町2-42,O,O,A,O,O,3.61,E3820100490111,松山市,2025/1/16
86,三津浜,三津浜中学校,松山市若葉町8-48,O,X,A,A,O,2.67,E3820100204111,松山市,2025/1/16
87,三津浜,三津浜幼稚園,松山市神田町1-41,O,X,X,A,O,2.7,E3820100266111,松山市,2025/1/16
88,三津浜,松山市地域交流センター,松山市三津3-2-30,O,O,A,O,O,4.03,E3820100175111,松山市,2025/1/16
89,高浜,高浜公民館,松山市梅津寺町1335-4,O,O,X,O,A,4.2,E3820100487111,松山市,2025/1/16
90,高浜,高浜小学校,松山市梅津寺町1352-2,O,O,O,O,A,9.8,E3820100488111,松山市,2025/1/16
91,高浜,高浜中学校,松山市梅津寺町乙52,O,O,O,O,A,15.1,E3820100489111,松山市,2025/1/16
92,高浜,高浜保育園,松山市高浜町6-1674,O,X,X,O,A,2.9,E3820100166111,松山市,2025/1/16
93,高浜,高浜公民館新浜分館,松山市新浜町14-28,O,X,X,O,O,1.9,E3820100258111,松山市,2025/1/16
94,高浜,高浜公民館高浜１丁目分館,松山市高浜1-1398-3,O,O,O,O,O,6.2,E3820100164111,松山市,2025/1/16
95,久枝,久枝公民館,松山市西長戸町299,O,O,O,A,O,10.5,E3820100297111,松山市,2025/1/16
96,久枝,久枝小学校,松山市安城寺町586-1,O,O,O,A,O,8.5,E3820100009111,松山市,2025/1/16
97,久枝,みどり小学校,松山市西長戸町493-2,O,O,O,A,O,11.2,E3820100298111,松山市,2025/1/16
98,久枝,久枝公民館船ケ谷分館,松山市船ケ谷町237-1,O,O,O,O,O,15.8,E3820100319111,松山市,2025/1/16
99,久枝,松山盲学校（体育館）,松山市久万ノ台112,O,O,O,X,O,15.59,E3820100086111,松山市,2025/1/16
100,久枝,松山西中等教育学校（体育館）,松山市久万ノ台1485-4,O,O,O,O,O,14.1,E3820100088111,松山市,2025/1/16
101,久枝,学校法人松山聖陵学園 松山聖陵高等学校（体育館）,松山市久万ノ台1112,O,O,O,O,O,24.72,E3820100085111,松山市,2025/1/16
102,潮見,潮見公民館,松山市吉藤4-3-16,O,O,O,A,O,15.4,E3820100065111,松山市,2025/1/16
103,潮見,潮見小学校,松山市吉藤4-7-13,O,O,O,O,O,14.5,E3820100066111,松山市,2025/1/16
104,潮見,鴨川中学校,松山市鴨川2-7-19,O,O,O,O,O,11.2,E3820100060111,松山市,2025/1/16
105,潮見,潮見公民館平田分館,松山市平田町272-4,X,O,O,O,O,8.8,E3820100540111,松山市,2025/1/16
106,潮見,潮見公民館吉藤分館,松山市吉藤5-19-20,O,O,O,A,O,24.2,E3820100067111,松山市,2025/1/16
107,潮見,潮見公民館谷分館,松山市谷町甲260-3,O,O,O,O,O,15.9,E3820100346111,松山市,2025/1/16
108,和気,和気公民館,松山市太山寺町1226-1,O,X,A,A,O,3.3,E3820100323111,松山市,2025/1/16
109,和気,和気小学校,松山市太山寺町671-3,O,X,A,A,O,2.4,E3820100330111,松山市,2025/1/16
110,和気,北中学校,松山市太山寺町491-1,O,O,O,O,O,4.9,E3820100329111,松山市,2025/1/16
111,和気,和気公民館勝岡分館,松山市勝岡町112,O,X,X,A,O,1.5,E3820100215111,松山市,2025/1/16
112,和気,和気公民館太山寺分館,松山市太山寺町1593-2,O,O,O,O,A,13.1,E3820100327111,松山市,2025/1/16
113,和気,和気公民館朝汐分館,松山市和気町2-925-2,O,X,X,A,O,1.37,E3820100650111,松山市,2025/1/16
114,和気,松山聾学校（体育館）,松山市馬木町2325,O,O,X,O,O,4.5,E3820100486111,松山市,2025/1/16
115,堀江,堀江公民館,松山市堀江町甲1400-1,O,O,A,O,O,4.81,E3820100597111,松山市,2025/1/16
116,堀江,堀江小学校,松山市福角町甲1409-2,O,O,O,A,O,9.3,E3820100524111,松山市,2025/1/16
117,堀江,内宮中学校,松山市内宮町569-1,O,O,O,O,O,5.8,E3820100451111,松山市,2025/1/16
118,堀江,堀江保育園,松山市堀江町甲1654-9,O,X,X,X,O,1.3,E3820100598111,松山市,2025/1/16
119,堀江,堀江公民館東大栗分館,松山市東大栗町780-1,O,O,O,O,O,140.5,E3820100424111,松山市,2025/1/16
120,堀江,堀江公民館大西二分館,松山市堀江町甲863-5,X,X,X,X,O,3.31,E3820100601111,松山市,2025/1/16
121,堀江,四国電設工業株式会社松山営業所,松山市堀江町甲805-8,O,A,A,A,O,1.79,E3820100671111,松山市,2025/1/16
122,余土,余土公民館,松山市余戸東4-4-34,O,O,O,A,O,8.43,E3820100634111,松山市,2025/1/16
123,余土,余土小学校,松山市余戸東1-14-17,O,O,O,A,O,8.99,E3820100631111,松山市,2025/1/16
124,余土,さくら小学校,松山市余戸中4-11-1,O,O,O,A,O,7.84,E3820100629111,松山市,2025/1/16
125,余土,余土中学校,松山市保免西4-5-23,O,O,O,A,O,10.46,E3820100551111,松山市,2025/1/16
126,余土,椿中学校,松山市市坪南1-1-20,O,O,O,A,O,14.34,E3820100190111,松山市,2025/1/16
127,余土,余土保育園,松山市余戸東4-1-19,O,O,O,A,O,8.87,E3820100633111,松山市,2025/1/16
128,余土,余土公民館保免中分館,松山市保免中2-1-17,O,O,O,A,O,12.84,E3820100553111,松山市,2025/1/16
129,余土,余土公民館余戸中分館,松山市余戸中2-8-22,X,O,O,A,O,7.53,E3820100628111,松山市,2025/1/16
130,余土,余土公民館市坪分館,松山市市坪北1-3-13,O,O,O,X,O,13.2,E3820100191111,松山市,2025/1/16
131,由良,由良公民館,松山市由良町1048-2,O,X,A,O,A,2.4,E3820100622111,松山市,2025/1/16
132,由良,もものはなこども園,松山市由良町479,O,X,X,O,O,2.2,E3820100624111,松山市,2025/1/16
133,由良,由良小学校跡（体育館）,松山市由良町869,O,X,X,O,O,2.5,E3820100625111,松山市,2025/1/16
134,由良,由良公民館門田分館,松山市門田町地先,O,X,X,O,A,2.7,E3820100615111,松山市,2025/1/16
135,泊,泊公民館,松山市泊町818,O,X,X,O,O,3.3,E3820100497111,松山市,2025/1/16
136,泊,興居島小学校,松山市泊町甲425-3,O,X,X,O,O,3.2,E3820100499112,松山市,2025/1/16
137,泊,興居島小学校釣島分校,松山市泊町1465,O,X,X,O,O,1.9,E3820100494111,松山市,2025/1/16
138,泊,興居島中学校,松山市泊町甲425-3,O,X,A,O,O,3.4,E3820100499111,松山市,2025/1/16
139,泊,泊小学校跡,松山市泊町618-1,O,X,X,O,X,3.1,E3820100496111,松山市,2025/1/16
140,泊,泊公民館船越分館,松山市泊町1368先船越緑地,O,X,X,O,O,2.9,E3820100493111,松山市,2025/1/16
141,久米,久米公民館,松山市鷹子町823,O,O,O,A,O,40.26,E3820100342111,松山市,2025/1/16
142,久米,窪田小学校,松山市久米窪田町307,O,O,O,A,O,46.61,E3820100079111,松山市,2025/1/16
143,久米,北久米小学校,松山市福音寺町9,O,O,O,O,O,37.8,E3820100521111,松山市,2025/1/16
144,久米,福音小学校,松山市福音寺町355-1,O,O,O,O,O,31,E3820100520111,松山市,2025/1/16
145,久米,久米小学校,松山市鷹子町15-1,O,O,O,A,O,42.1,E3820100336111,松山市,2025/1/16
146,久米,久米中学校,松山市来住町689,O,O,O,A,O,38.59,E3820100641111,松山市,2025/1/16
147,久米,久米保育園,松山市鷹子町4-4,O,O,O,A,O,42.21,E3820100338111,松山市,2025/1/16
148,久米,久米公民館鷹子分館,松山市鷹子町632,O,O,O,A,O,48.37,E3820100340111,松山市,2025/1/16
149,久米,学校法人松山学院 松山学院高等学校（体育館）,松山市北久米町815,O,O,O,X,X,28.5,E3820100561111,松山市,2025/1/16
150,湯山,湯山公民館,松山市末町甲94-1,O,O,O,O,X,85.7,E3820100608111,松山市,2025/1/16
151,湯山,湯山小学校,松山市食場町甲128,O,O,O,O,A,76.3,E3820100255111,松山市,2025/1/16
152,湯山,湯山中学校,松山市溝辺町甲508-1,O,O,O,A,X,62.3,E3820100147111,松山市,2025/1/16
153,湯山,小百合保育園,松山市溝辺町甲528,O,O,O,X,O,61.3,E3820100148111,松山市,2025/1/16
154,湯山,湯山公民館宿野分館,松山市宿野町甲205,X,O,O,O,X,136.5,E3820100207111,松山市,2025/1/16
155,湯山,湯山公民館倉敷分館,松山市溝辺町甲286-4,O,O,O,X,O,51.9,E3820100144111,松山市,2025/1/16
156,湯山,溝辺ふれあいセンター,松山市溝辺町565-2,O,O,O,X,A,59.2,E3820100141111,松山市,2025/1/16
157,日浦,日浦公民館,松山市河中町甲346,O,O,O,O,O,270.3,E3820100046111,松山市,2025/1/16
158,日浦,日浦小学校,松山市河中町甲79-2,O,O,O,O,X,290.2,E3820100047111,松山市,2025/1/16
159,日浦,日浦中学校,松山市河中町188-1,O,O,O,O,O,277.3,E3820100045111,松山市,2025/1/16
160,日浦,日浦公民館藤野分館,松山市藤野町甲225-1,O,O,O,O,X,259.7,E3820100442111,松山市,2025/1/16
161,伊台,伊台公民館,松山市下伊台町1474-1,O,O,O,O,O,157.2,E3820100035111,松山市,2025/1/16
162,伊台,伊台小学校,松山市下伊台町1438-1,O,O,O,A,A,148.1,E3820100034111,松山市,2025/1/16
163,伊台,旭中学校,松山市下伊台町1105-1,O,O,O,A,O,142.8,E3820100031111,松山市,2025/1/16
164,伊台,伊台保育園,松山市下伊台町1493-1,O,O,O,O,O,152.7,E3820100036111,松山市,2025/1/16
165,伊台,伊台公民館伊台ハイツ分館,松山市下伊台町1278,O,O,O,O,O,161.6,E3820100032111,松山市,2025/1/16
166,伊台,伊台公民館本村分館,松山市上伊台町215-1,O,O,O,O,X,176.3,E3820100243111,松山市,2025/1/16
167,五明,五明公民館,松山市菅沢町甲247-1,O,O,O,O,A,310.7,E3820100274111,松山市,2025/1/16
168,五明,五明小学校,松山市菅沢町乙45-4,O,O,O,O,X,303.3,E3820100272112,松山市,2025/1/16
169,五明,五明幼稚園,松山市菅沢町乙45-4,O,O,O,O,X,303.1,E3820100272111,松山市,2025/1/16
170,五明,五明公民館菅沢分館,松山市菅沢町甲267-1,X,O,O,O,X,314.1,E3820100275111,松山市,2025/1/16
171,小野,小野公民館,松山市北梅本町759,O,O,O,O,O,78.23,E3820100590111,松山市,2025/1/16
172,小野,小野小学校,松山市平井町3673,O,O,O,A,O,80.15,E3820100533111,松山市,2025/1/16
173,小野,小野中学校,松山市平井町3690,O,O,O,A,O,77.7,E3820100534111,松山市,2025/1/16
174,小野,平井保育園,松山市平井町甲118,O,O,O,X,O,78.64,E3820100535111,松山市,2025/1/16
175,小野,小野公民館小野谷分館,松山市小野町甲79,O,O,O,X,X,144.9,E3820100236111,松山市,2025/1/16
176,小野,小野公民館太尺寺分館,松山市北梅本町6,X,O,O,O,O,107.6,E3820100589111,松山市,2025/1/16
177,小野,小野公民館駄場分館,松山市北梅本町2631,X,O,O,X,O,109.9,E3820100587111,松山市,2025/1/16
178,浮穴,浮穴公民館,松山市森松町469-6,O,O,O,A,O,30.69,E3820100259111,松山市,2025/1/16
179,浮穴,浮穴小学校,松山市森松町832,O,O,O,A,O,35.2,E3820100261111,松山市,2025/1/16
180,浮穴,南第二中学校,松山市森松町943,O,O,O,A,O,32.65,E3820100263111,松山市,2025/1/16
181,浮穴,浮穴保育園,松山市南高井町1608-2,O,O,O,X,O,36.42,E3820100468111,松山市,2025/1/16
182,浮穴,浮穴公民館井門分館,松山市井門町768,O,O,O,X,O,24.11,E3820100015111,松山市,2025/1/16
183,浮穴,浮穴公民館森松分館,松山市森松町645-1,X,O,O,X,O,33.07,E3820100260111,松山市,2025/1/16
184,浮穴,浮穴公民館南高井分館,松山市南高井町1318,O,O,O,X,O,43.32,E3820100466111,松山市,2025/1/16
185,浮穴,松山中央高等学校（体育館）,松山市井門町1220,O,O,O,X,O,21.34,E3820100014111,松山市,2025/1/16
186,石井,石井公民館,松山市居相1-8-26,O,O,O,A,O,22.59,E3820100096111,松山市,2025/1/16
187,石井,石井小学校,松山市東石井6-8-52,O,O,O,A,O,23.12,E3820100422111,松山市,2025/1/16
188,石井,石井北小学校,松山市和泉南1-3-32,O,O,O,X,O,18.89,E3820100652111,松山市,2025/1/16
189,石井,椿小学校,松山市和泉南6-1-47,O,O,O,A,O,15.69,E3820100655111,松山市,2025/1/16
190,石井,石井東小学校,松山市越智1-3-35,O,O,O,A,O,30.18,E3820100021111,松山市,2025/1/16
191,石井,南中学校,松山市東石井7-2-52,O,O,O,A,O,23.28,E3820100423111,松山市,2025/1/16
192,石井,石井幼稚園,松山市西石井6-4-29,O,O,O,A,O,22.18,E3820100293111,松山市,2025/1/16
193,石井,石井保育園,松山市西石井6-4-34,O,O,O,A,O,22.59,E3820100294111,松山市,2025/1/16
194,石井,つばき保育園,松山市古川北2-18-30,O,O,O,A,O,17.1,E3820100132111,松山市,2025/1/16
195,石井,石井公民館古川分館,松山市古川南1-20-13,O,O,O,X,O,15.9,E3820100127111,松山市,2025/1/16
196,石井,石井公民館一の宮団地分館,松山市古川南3-10-15,O,O,O,X,O,17.85,E3820100129111,松山市,2025/1/16
197,石井,石井公民館越智分館,松山市越智2-3-25,X,O,O,A,O,27.29,E3820100022111,松山市,2025/1/16
198,石井,石井公民館北土居分館,松山市北土居１-4-21,O,O,O,A,O,28.96,E3820100582111,松山市,2025/1/16
199,石井,古川ふれあいセンター,松山市古川南1-20-18,O,O,O,X,O,16.27,E3820100128111,松山市,2025/1/16
200,石井,朝生田ふれあいセンター,松山市朝生田町6-3-32,O,O,O,X,O,17.86,E3820100380111,松山市,2025/1/16
201,石井,聖カタリナ学園高等学校（体育館）,松山市朝生田町4-9-9,X,O,O,X,O,21.35,E3820100020111,松山市,2025/1/16
201,石井,聖カタリナ学園高等学校（体育館）,松山市朝生田町4-9-9,X,O,O,X,O,21.35,E3820100378111,松山市,2025/1/16
202,荏原,荏原公民館,松山市東方町955,O,O,O,A,O,47.13,E3820100427111,松山市,2025/1/16
203,荏原,荏原小学校,松山市東方町甲1245,O,O,O,A,O,56.37,E3820100428111,松山市,2025/1/16
204,荏原,荏原幼稚園,松山市東方町甲1493-3,O,O,O,O,O,56.48,E3820100430111,松山市,2025/1/16
205,荏原,荏原公民館津吉分館,松山市津吉町696,X,O,O,O,X,68,E3820100389111,松山市,2025/1/16
206,荏原,荏原公民館中野分館,松山市中野町甲323,X,O,O,X,O,56,E3820100372111,松山市,2025/1/16
207,荏原,荏原公民館大橋分館,松山市大橋町56,O,O,O,A,O,45.76,E3820100335111,松山市,2025/1/16
208,坂本,坂本公民館,松山市久谷町70,O,O,O,O,A,91.6,E3820100074111,松山市,2025/1/16
209,坂本,坂本小学校,松山市久谷町30,O,O,O,A,O,88.6,E3820100072111,松山市,2025/1/16
210,坂本,久谷中学校,松山市浄瑠璃町940,O,O,O,O,O,73.3,E3820100253111,松山市,2025/1/16
211,坂本,坂本幼稚園,松山市久谷町24,O,O,O,A,O,88.3,E3820100071111,松山市,2025/1/16
212,坂本,坂本公民館出口分館,松山市久谷町甲215,O,O,O,O,X,98.1,E3820100078111,松山市,2025/1/16
213,坂本,坂本公民館久谷中組分館,松山市久谷町812,O,O,O,O,O,114.8,E3820100075111,松山市,2025/1/16
214,坂本,坂本公民館奥久谷分館,松山市久谷町甲1780,O,O,O,O,X,188.5,E3820100077111,松山市,2025/1/16
215,坂本,坂本公民館桜分館,松山市窪野町2119,X,O,O,O,X,278.2,E3820100102111,松山市,2025/1/16
216,坂本,坂本公民館窪野北谷分館,松山市窪野町1099,X,O,O,O,X,262.5,E3820100101111,松山市,2025/1/16
217,浅海,浅海公民館,松山市浅海原甲603-1,O,O,X,O,O,3.2,E3820100314111,松山市,2025/1/16
218,浅海,浅海小学校,松山市浅海本谷甲728,O,O,O,O,O,10.1,E3820100318111,松山市,2025/1/16
219,浅海,浅海保育園,松山市浅海本谷甲719-1,O,X,X,O,O,2.8,E3820100317111,松山市,2025/1/16
220,浅海,浅海公民館萩原分館,松山市萩原甲287-3,X,O,O,O,X,122.5,E3820100492111,松山市,2025/1/16
221,浅海,浅海公民館真沖分館,松山市浅海本谷甲354-11,O,X,X,O,O,2.8,E3820100316111,松山市,2025/1/16
222,浅海,浅海公民館小竹分館,松山市浅海本谷甲232-2,O,X,X,O,O,3.1,E3820100315111,松山市,2025/1/16
223,浅海,京ヶ森集会所,松山市浅海原甲1-5,X,X,X,O,X,2,E3820100311111,松山市,2025/1/16
224,浅海,浅海公民館浅海原分館,松山市浅海原甲538-1,O,X,X,O,O,2.9,E3820100313111,松山市,2025/1/16
225,浅海,浅海公民館味栗分館,松山市浅海原甲1112-1,X,O,O,O,O,13.4,E3820100310111,松山市,2025/1/16
226,立岩,立岩公民館,松山市猿川甲747,O,O,O,X,X,103.3,E3820100028111,松山市,2025/1/16
227,立岩,立岩小学校,松山市猿川原甲49,O,O,O,O,O,98.1,E3820100025111,松山市,2025/1/16
228,立岩,立岩公民館才之原分館,松山市才之原甲737-1,O,O,O,X,O,54,E3820100173111,松山市,2025/1/16
229,立岩,猪木集会所,松山市猪木甲３４１－１,X,O,O,O,X,282.8,E3820100668111,松山市,2025/1/16
230,立岩,立岩公民館猿川下分館,松山市猿川甲371-2,O,O,O,O,X,153.7,E3820100026111,松山市,2025/1/16
231,立岩,立岩公民館湯裾分館,松山市猿川甲722-2,O,O,O,O,X,113.2,E3820100027111,松山市,2025/1/16
232,立岩,立岩公民館大遊寺分館,松山市猿川甲924-1,O,O,O,O,O,129.8,E3820100029111,松山市,2025/1/16
233,立岩,立岩公民館立岩中村分館,松山市立岩中村甲277-1,O,O,O,O,X,171.1,E3820100643111,松山市,2025/1/16
234,立岩,立岩公民館米之野分館,松山市立岩米之野甲187,O,O,O,O,X,214.9,E3820100645111,松山市,2025/1/16
235,立岩,立岩公民館庄府分館,松山市庄府甲282-1,O,O,O,O,X,221.3,E3820100239111,松山市,2025/1/16
236,立岩,立岩公民館儀式分館,松山市儀式甲136-4,O,O,O,O,O,179.9,E3820100063111,松山市,2025/1/16
237,立岩,立岩公民館坊田分館,松山市小山田甲203-1,O,O,O,O,X,125.9,E3820100225111,松山市,2025/1/16
238,立岩,立岩公民館小山田上分館,松山市小山田甲344-3,O,O,O,O,X,119.6,E3820100227111,松山市,2025/1/16
239,立岩,立岩公民館小山田中分館,松山市小山田甲571-3,O,O,O,O,O,109.4,E3820100228111,松山市,2025/1/16
240,立岩,立岩公民館小山田下分館,松山市小山田甲661-1,O,O,O,O,X,110,E3820100229111,松山市,2025/1/16
241,立岩,立岩公民館猿川原分館,松山市猿川原甲251,X,O,O,O,O,111.2,E3820100024111,松山市,2025/1/16
242,難波,難波地域活性化センター,松山市中通甲777-3,O,O,O,O,O,12.5,E3820100363111,松山市,2025/1/16
243,難波,難波小学校,松山市中通甲807-1,O,O,O,O,O,16.4,E3820100364111,松山市,2025/1/16
244,難波,難波公民館庄分館,松山市庄甲228-1,O,O,O,O,X,19.1,E3820100237112,松山市,2025/1/16
245,難波,庄農家高齢者創作館,松山市庄甲228-1,X,O,O,O,X,19,E3820100237111,松山市,2025/1/16
246,難波,難波公民館上難波分館,松山市上難波甲731-1,X,O,O,O,O,20.8,E3820100246111,松山市,2025/1/16
247,難波,中通第二集会所,松山市中通甲308,X,O,O,X,O,9.5,E3820100360111,松山市,2025/1/16
248,難波,中通集会所,松山市中通甲638,O,O,O,O,O,9.6,E3820100362111,松山市,2025/1/16
249,難波,難波公民館下難波石風呂分館,松山市下難波甲1263-2,O,O,X,X,X,2.3,E3820100039111,松山市,2025/1/16
250,難波,難波公民館大浦分館,松山市大浦416-1,O,O,X,O,O,4,E3820100332111,松山市,2025/1/16
251,正岡,正岡公民館,松山市八反地甲90-1,O,O,O,A,O,12.79,E3820100513111,松山市,2025/1/16
252,正岡,正岡小学校,松山市八反地甲160,O,O,O,A,O,11.9,E3820100509111,松山市,2025/1/16
253,正岡,国津保育園,松山市八反地甲1647,O,O,O,O,O,10,E3820100512111,松山市,2025/1/16
254,正岡,椋之原集会所,松山市八反地甲654,X,O,O,O,O,33.3,E3820100511111,松山市,2025/1/16
255,正岡,小山集会所,松山市中西外271-1,O,O,O,A,O,5.19,E3820100351111,松山市,2025/1/16
256,正岡,北条ふれあいセンター,松山市中西外346-3,O,O,O,A,O,5.74,E3820100352111,松山市,2025/1/16
257,正岡,正岡公民館高田分館,松山市高田甲357-2,O,O,O,O,O,19.9,E3820100163111,松山市,2025/1/16
258,正岡,正岡公民館院内分館,松山市院内甲275-2,O,O,O,O,X,91.6,E3820100018111,松山市,2025/1/16
259,北条,北条コミュニティセンター,松山市北条辻6,O,O,A,A,O,3.4,E3820100577112,松山市,2025/1/16
260,北条,北条小学校,松山市北条辻64,O,O,A,A,O,3.74,E3820100579111,松山市,2025/1/16
261,北条,北条北中学校,松山市北条辻365,O,O,O,A,O,6.4,E3820100576111,松山市,2025/1/16
262,北条,北条市民会館,松山市北条辻6,O,X,A,A,O,3.28,E3820100577111,松山市,2025/1/16
263,北条,北条公民館上辻区分館,松山市北条辻332,O,O,A,A,O,3.74,E3820100575111,松山市,2025/1/16
264,北条,新開集会所,松山市北条辻805-7,X,X,X,X,O,2.58,E3820100580111,松山市,2025/1/16
265,北条,北条体育館,松山市北条辻1170-6,O,O,X,X,O,3.19,E3820100572111,松山市,2025/1/16
266,北条,北条公民館浜町区分館,松山市北条1181,O,X,X,X,O,2.35,E3820100568111,松山市,2025/1/16
267,北条,北条公民館安居島区分館,松山市安居島甲268,O,O,X,O,O,2.9,E3820100005111,松山市,2025/1/16
268,北条,北条公民館土手内区分館,松山市土手内148-1･148-2,X,X,X,X,O,3.07,E3820100405111,松山市,2025/1/16
269,北条,北条高等学校（体育館）,松山市北条辻600-1,O,O,X,X,O,3.3,E3820100578111,松山市,2025/1/16
270,北条,聖カタリナ大学（記念体育館）,松山市北条660,O,O,A,A,O,5.53,E3820100570111,松山市,2025/1/16
271,河野,河野公民館,松山市河野別府182-1,O,O,O,O,O,18.9,E3820100053111,松山市,2025/1/16
272,河野,河野小学校,松山市宮内甲9-1,O,O,O,A,O,24.1,E3820100094111,松山市,2025/1/16
273,河野,北条南中学校,松山市河野別府12,O,O,O,A,A,15.9,E3820100051111,松山市,2025/1/16
274,河野,河野公民館河野別府分館,松山市河野別府467,X,O,O,O,O,16.78,E3820100054111,松山市,2025/1/16
275,河野,北条ふるさと館,松山市河野別府995,O,O,O,O,O,8.61,E3820100057111,松山市,2025/1/16
276,河野,河野公民館府中分館,松山市府中336,X,O,O,O,O,5.58,E3820100519111,松山市,2025/1/16
277,河野,河野公民館柳原分館,松山市柳原甲144-1,O,X,X,O,O,3.21,E3820100620111,松山市,2025/1/16
278,河野,河野公民館宮内分館,松山市宮内甲59-4,O,O,O,O,O,25.7,E3820100093111,松山市,2025/1/16
279,河野,河野公民館善応寺分館,松山市善応寺71-1,O,O,O,O,O,45.8,E3820100320111,松山市,2025/1/16
280,河野,河野公民館河野高山分館,松山市河野高山甲207-1,O,O,O,O,X,73.6,E3820100048111,松山市,2025/1/16
281,河野,河野公民館佐古分館,松山市佐古甲173-1,O,O,O,O,X,36.2,E3820100172111,松山市,2025/1/16
282,河野,河野公民館片山分館,松山市片山甲163-3,O,O,O,X,O,5.99,E3820100550111,松山市,2025/1/16
283,河野,河野公民館中須賀分館,松山市河野中須賀286-1,X,X,X,X,O,2.49,E3820100049111,松山市,2025/1/16
284,河野,河野公民館夏目分館,松山市夏目甲420-1,X,O,O,O,X,16.1,E3820100044111,松山市,2025/1/16
285,粟井,粟井農村環境改善センター,松山市久保88,O,O,O,O,O,10.6,E3820100084111,松山市,2025/1/16
286,粟井,粟井小学校,松山市常竹甲100,O,O,O,O,X,15.2,E3820100251111,松山市,2025/1/16
287,粟井,粟井保育園,松山市鹿峰63-2,O,O,O,O,O,10.6,E3820100202111,松山市,2025/1/16
288,粟井,粟井公民館小川分館,松山市小川甲669-1,O,O,O,X,X,16.1,E3820100231111,松山市,2025/1/16
289,粟井,粟井公民館磯河内分館,松山市磯河内甲372-4,O,O,O,O,O,8.8,E3820100017111,松山市,2025/1/16
290,粟井,粟井公民館和田分館,松山市和田甲234-1,X,O,X,O,O,5.1,E3820100657111,松山市,2025/1/16
291,粟井,久保集会所,松山市久保167,X,O,X,X,O,3.22,E3820100082111,松山市,2025/1/16
292,粟井,粟井公民館粟井河原分館,松山市粟井河原245-3,O,X,X,O,O,2.5,E3820100003111,松山市,2025/1/16
293,粟井,粟井公民館鹿峰分館,松山市鹿峰197-2,X,O,X,X,O,2.83,E3820100201111,松山市,2025/1/16
294,粟井,粟井公民館本谷分館,松山市本谷甲343.344,O,O,O,O,X,35.7,E3820100603111,松山市,2025/1/16
295,粟井,粟井公民館常竹分館,松山市常竹甲123-1,O,O,O,O,O,17.5,E3820100252111,松山市,2025/1/16
296,粟井,粟井公民館西谷分館,松山市西谷甲381,X,O,O,O,X,57.2,E3820100295111,松山市,2025/1/16
297,粟井,粟井公民館客分館,松山市客甲344-1,O,O,O,O,X,122.9,E3820100070111,松山市,2025/1/16
298,粟井,粟井公民館麓分館,松山市麓甲407-4,O,O,O,O,O,102.8,E3820100647111,松山市,2025/1/16
299,粟井,粟井公民館小川谷分館,松山市小川谷甲74,O,O,O,O,O,70.2,E3820100232111,松山市,2025/1/16
300,睦野,睦月小学校,松山市睦月甲1068-6,O,X,A,O,A,2.8,E3820100592111,松山市,2025/1/16
301,睦野,野忽那小学校,松山市野忽那甲1540-1,O,X,X,O,X,3.3,E3820100617111,松山市,2025/1/16
302,睦野,中島公民館睦月分館,松山市睦月甲2194-1,X,X,X,O,O,2.5,E3820100593111,松山市,2025/1/16
303,睦野,中島公民館野忽那分館,松山市野忽那甲1442-6,X,X,X,O,O,2.7,E3820100616111,松山市,2025/1/16
304,東中島,中島総合文化センター,松山市中島大浦2962,O,O,O,O,A,7.9,E3820100368111,松山市,2025/1/16
305,東中島,中島小学校,松山市長師564,O,O,O,O,A,6.3,E3820100385111,松山市,2025/1/16
306,東中島,中島中学校,松山市長師817,O,O,O,O,O,9.7,E3820100386111,松山市,2025/1/16
307,東中島,中島こども園,松山市中島大浦3021-1,O,X,X,O,O,1.8,E3820100369111,松山市,2025/1/16
308,東中島,中島公民館大浦分館,松山市中島大浦1623-1,X,X,A,O,O,2.4,E3820100367111,松山市,2025/1/16
309,東中島,中島公民館小浜集会所,松山市小浜甲558,O,X,X,O,O,2.8,E3820100235111,松山市,2025/1/16
310,東中島,長師農村開発研修センター,松山市長師107-1,X,X,X,O,O,3.1,E3820100383111,松山市,2025/1/16
311,東中島,中島公民館宮野分館,松山市宮野437,X,O,A,O,A,3.4,E3820100095111,松山市,2025/1/16
312,東中島,神浦地域総合施設,松山市神浦753,O,X,X,O,O,2.8,E3820100265111,松山市,2025/1/16
313,東中島,中島ふれあいセンター,松山市小浜甲1191,O,O,O,O,X,5.8,E3820100234111,松山市,2025/1/16
314,東中島,中島Ｂ＆Ｇ海洋センター,松山市小浜甲1101-1,O,O,O,O,A,6.8,E3820100233111,松山市,2025/1/16
315,東中島,松山北高等学校中島分校（体育館）,松山市中島大浦3100-1,O,O,X,O,O,4.1,E3820100370111,松山市,2025/1/16
316,西中島,宇和間農林漁業体験実習館,松山市宇和間甲920-1,O,X,X,O,O,2.3,E3820100019111,松山市,2025/1/16
317,西中島,熊田地域総合施設,松山市熊田甲713-3,O,X,X,O,X,2.3,E3820100104111,松山市,2025/1/16
318,西中島,中島公民館吉木分館,松山市吉木甲1309-1,X,X,X,O,O,2.8,E3820100068111,松山市,2025/1/16
319,西中島,中島公民館饒分館,松山市饒甲422-2,X,X,X,O,X,2.8,E3820100662111,松山市,2025/1/16
320,西中島,畑里高齢者健康増進実習館,松山市畑里甲813,O,X,X,O,A,2.7,E3820100508111,松山市,2025/1/16
321,西中島,中島公民館粟井分館,松山市中島粟井甲1235-1,X,O,X,O,O,3,E3820100365111,松山市,2025/1/16
322,西中島,城山小学校跡,松山市中島粟井甲876,X,O,O,O,O,10.6,E3820100366111,松山市,2025/1/16
323,神和,怒和小学校,松山市元怒和甲8-2,O,X,X,O,X,3.8,E3820100118111,松山市,2025/1/16
324,神和,津和地小学校,松山市津和地1588-1,O,X,X,O,A,4.8,E3820100391111,松山市,2025/1/16
325,神和,二神小学校,松山市二神甲227,O,X,X,O,O,4.4,E3820100477111,松山市,2025/1/16
326,神和,元怒和保育所,松山市元怒和甲925-1,O,O,A,O,X,3.6,E3820100119111,松山市,2025/1/16
327,神和,津和地保育所,松山市津和地420,O,X,X,O,X,3.8,E3820100392112,松山市,2025/1/16
328,神和,中島公民館上怒和分館,松山市上怒和甲399-97,X,X,X,O,A,3.2,E3820100245111,松山市,2025/1/16
329,神和,中島公民館元怒和分館,松山市元怒和甲1809-1,X,X,X,O,O,2.4,E3820100117111,松山市,2025/1/16
330,神和,津和地多目的集会施設,松山市津和地420,O,X,X,O,X,3.7,E3820100392111,松山市,2025/1/16
331,神和,中島公民館二神分館,松山市二神甲501,X,O,X,O,X,2.9,E3820100478111,松山市,2025/1/16
332,宇和島,宇和津小学校,,O,O,NA,O,A,0,E3820300202113,宇和島市,2021/11/29
333,宇和島,宇和津幼稚園,,O,O,NA,O,X,0,E3820300202112,宇和島市,2021/11/29
334,宇和島,宇和津公民館,,O,O,NA,O,A,0,E3820300202111,宇和島市,2021/11/29
335,宇和島,野川集会所,,O,O,NA,O,X,0,E3820300204111,宇和島市,2021/11/29
336,宇和島,元愛媛県宇和島地区独身寮（旧南風寮）宇和島市大超寺奥乙50番地1,,O,O,NA,O,A,0,E3820300144111,宇和島市,2021/11/29
337,宇和島,中央公民館,,O,O,NA,O,O,0,E3820300200111,宇和島市,2021/11/29
338,宇和島,明倫公民館,,O,X,NA,A,A,0,E3820300150111,宇和島市,2021/11/29
339,宇和島,スポーツ交流センター,,O,X,NA,A,A,0,E3820300149111,宇和島市,2021/11/29
340,宇和島,城東中学校,,O,X,NA,O,O,0,E3820300139111,宇和島市,2021/11/29
341,宇和島,保手中央集会所,,O,X,NA,O,O,0,E3820300198111,宇和島市,2021/11/29
342,宇和島,保手3区集会所,,O,O,NA,O,O,0,E3820300199111,宇和島市,2021/11/29
343,宇和島,長堀集会所,,O,X,NA,O,A,0,E3820300148111,宇和島市,2021/11/29
344,宇和島,明倫小学校,,O,X,NA,O,O,0,E3820300195111,宇和島市,2021/11/29
345,宇和島,宇和島南中等教育学校,,O,X,NA,O,O,0,E3820300196111,宇和島市,2021/11/29
346,宇和島,城南中学校,,O,X,NA,O,O,0,E3820300194111,宇和島市,2021/11/29
347,宇和島,宇和島東高等学校,,O,X,NA,O,O,0,E3820300192111,宇和島市,2021/11/29
348,宇和島,鶴島公民館,,O,X,NA,O,O,0,E3820300193111,宇和島市,2021/11/29
349,宇和島,鶴島小学校,,O,X,NA,O,O,0,E3820300193112,宇和島市,2021/11/29
350,宇和島,宇和島水産高等学校,,O,X,NA,O,O,0,E3820300203111,宇和島市,2021/11/29
351,宇和島,南予文化会館,,O,X,NA,O,O,0,E3820300146111,宇和島市,2021/11/29
352,宇和島,宇和島市役所,,O,X,NA,O,O,0,E3820300132111,宇和島市,2021/11/29
353,宇和島,学習交流センター(パフィオうわじま),,O,X,NA,A,O,0,E3820300182111,宇和島市,2021/11/29
354,宇和島,天神小学校,,O,O,NA,O,A,0,E3820300013111,宇和島市,2021/11/29
355,宇和島,丸穂保育園,,O,O,NA,O,A,0,E3820300012111,宇和島市,2021/11/29
356,宇和島,済美保育園,,O,X,NA,O,A,0,E3820300010111,宇和島市,2021/11/29
357,宇和島,天神公民館,,O,O,NA,O,A,0,E3820300011111,宇和島市,2021/11/29
358,宇和島,闘牛場,,X,O,NA,O,A,0,E3820300214111,宇和島市,2021/11/29
359,宇和島,和霊小学校,,O,O,NA,O,O,0,E3820300001111,宇和島市,2021/11/29
360,宇和島,城北中学校,,O,X,NA,O,A,0,E3820300213111,宇和島市,2021/11/29
361,宇和島,和霊公民館,,O,X,NA,O,O,0,E3820300215111,宇和島市,2021/11/29
362,宇和島,宇和島看護専門学校,,O,O,NA,O,O,0,E3820300002111,宇和島市,2021/11/29
363,宇和島,柿原集会所,,O,O,NA,O,O,0,E3820300009111,宇和島市,2021/11/29
364,宇和島,住吉公民館,,O,X,NA,O,O,0,E3820300228111,宇和島市,2021/11/29
365,宇和島,住吉小学校,,O,X,NA,O,A,0,E3820300128111,宇和島市,2021/11/29
366,宇和島,みゆき保育園,,O,O,NA,O,X,0,E3820300184111,宇和島市,2021/11/29
367,宇和島,総合体育館,,O,X,NA,O,O,0,E3820300197111,宇和島市,2021/11/29
368,宇和島,総合福祉センター,,O,X,NA,O,O,0,E3820300126111,宇和島市,2021/11/29
369,宇和島,認定こども園いぶき幼稚園,,O,X,NA,O,O,0,E3820300147111,宇和島市,2021/11/29
370,宇和島,大浦自治会館,,O,X,NA,O,O,0,E3820300143111,宇和島市,2021/11/29
371,宇和島,番城小学校,,O,O,NA,O,A,0,E3820300054113,宇和島市,2021/11/29
372,宇和島,祝森公民館,,O,O,NA,O,A,0,E3820300130111,宇和島市,2021/11/29
373,宇和島,宇和島市保健センター,,O,O,NA,O,A,0,E3820300131111,宇和島市,2021/11/29
374,宇和島,番城美徳認定こども園,,O,O,NA,O,X,0,E3820300054112,宇和島市,2021/11/29
375,宇和島,番城公民館,,O,O,NA,O,A,0,E3820300054111,宇和島市,2021/11/29
376,宇和島,番城福祉会館,,O,O,NA,O,O,0,E3820300014111,宇和島市,2021/11/29
377,宇和島,宮下団地集会所,,O,X,NA,O,O,0,E3820300008111,宇和島市,2021/11/29
378,宇和島,宮下集会所,,O,X,NA,O,O,0,E3820300055111,宇和島市,2021/11/29
379,宇和島,薬師谷集会所,,X,O,NA,O,O,0,E3820300142111,宇和島市,2021/11/29
380,宇和島,九島公民館,,O,X,NA,O,A,0,E3820300191111,宇和島市,2021/11/29
381,宇和島,旧九島小学校,,O,X,NA,O,A,0,E3820300190111,宇和島市,2021/11/29
382,宇和島,九島開発総合センター,,O,X,NA,O,A,0,E3820300201111,宇和島市,2021/11/29
383,宇和島,石応公民館,,X,X,NA,O,A,0,E3820300227111,宇和島市,2021/11/29
384,宇和島,旧石応小学校,,O,X,NA,O,A,0,E3820300141111,宇和島市,2021/11/29
385,宇和島,白浜集会所,,X,X,NA,O,A,0,E3820300189111,宇和島市,2021/11/29
386,宇和島,旧小池小学校,,O,X,NA,O,A,0,E3820300134112,宇和島市,2021/11/29
387,宇和島,小池保育園,,O,O,NA,O,O,0,E3820300133111,宇和島市,2021/11/29
388,宇和島,小池公民館,,O,X,NA,O,A,0,E3820300134111,宇和島市,2021/11/29
389,宇和島,三浦小学校,,O,X,NA,O,A,0,E3820300075111,宇和島市,2021/11/29
390,宇和島,安米集会所,,O,X,NA,O,X,0,E3820300074111,宇和島市,2021/11/29
391,宇和島,三浦公民館西三浦分館,,O,O,NA,O,A,0,E3820300072111,宇和島市,2021/11/29
392,宇和島,三浦公民館,,X,X,NA,O,A,0,E3820300073111,宇和島市,2021/11/29
393,宇和島,高光小学校,,O,O,NA,O,A,0,E3820300067111,宇和島市,2021/11/29
394,宇和島,高光公民館,,O,O,NA,O,A,0,E3820300068111,宇和島市,2021/11/29
395,宇和島,下高串集会所,,X,O,NA,X,X,0,E3820300065111,宇和島市,2021/11/29
396,宇和島,本村集会所,,X,O,NA,O,X,0,E3820300071111,宇和島市,2021/11/29
397,宇和島,奥高串集会所,,X,O,NA,O,X,0,E3820300069111,宇和島市,2021/11/29
398,宇和島,江の組集会所,,O,O,NA,O,O,0,E3820300062111,宇和島市,2021/11/29
399,宇和島,上光満集会所,,X,O,NA,O,X,0,E3820300063111,宇和島市,2021/11/29
400,宇和島,家藤集会所,,O,O,NA,O,X,0,E3820300070111,宇和島市,2021/11/29
401,宇和島,徳の森集会所,,X,O,NA,O,X,0,E3820300066111,宇和島市,2021/11/29
402,宇和島,中組集会所,,O,O,NA,O,X,0,E3820300064111,宇和島市,2021/11/29
403,宇和島,新屋敷集会所,,X,O,NA,O,X,0,E3820300061111,宇和島市,2021/11/29
404,宇和島,下波公民館,,O,X,NA,O,A,0,E3820300004111,宇和島市,2021/11/29
405,宇和島,旧宇和海中学校,,X,X,NA,O,A,0,E3820300004112,宇和島市,2021/11/29
406,宇和島,結出小学校,,O,X,NA,O,A,0,E3820300005111,宇和島市,2021/11/29
407,宇和島,宇和島市役所宇和海支所,,O,X,NA,O,X,0,E3820300003111,宇和島市,2021/11/29
408,宇和島,狩津集会所,,X,X,NA,O,X,0,E3820300007111,宇和島市,2021/11/29
409,宇和島,下波西集会所,,X,X,NA,O,X,0,E3820300006111,宇和島市,2021/11/29
410,宇和島,矢の浦集会所,,X,X,NA,O,X,0,E3820300211111,宇和島市,2021/11/29
411,宇和島,遊子公民館,,O,X,NA,O,A,0,E3820300207111,宇和島市,2021/11/29
412,宇和島,遊子小学校,,O,X,NA,O,A,0,E3820300208111,宇和島市,2021/11/29
413,宇和島,魚泊集会所,,X,X,NA,O,X,0,E3820300206111,宇和島市,2021/11/29
414,宇和島,水荷浦集会所,,O,X,NA,O,A,0,E3820300205111,宇和島市,2021/11/29
415,宇和島,遊子診療所,,X,X,NA,O,X,0,E3820300209111,宇和島市,2021/11/29
416,宇和島,甘崎集会所,,O,X,NA,O,X,0,E3820300210111,宇和島市,2021/11/29
417,宇和島,高助集会所,,O,X,NA,O,X,0,E3820300137111,宇和島市,2021/11/29
418,宇和島,蒋淵小学校,,O,X,NA,O,A,0,E3820300138111,宇和島市,2021/11/29
419,宇和島,蒋淵公民館,,O,X,NA,O,A,0,E3820300135111,宇和島市,2021/11/29
420,宇和島,矢ヶ浜集会所,,X,X,NA,O,X,0,E3820300136111,宇和島市,2021/11/29
421,宇和島,戸島公民館,,O,X,NA,O,A,0,E3820300056111,宇和島市,2021/11/29
422,宇和島,戸島小学校,,O,X,NA,O,A,0,E3820300058111,宇和島市,2021/11/29
423,宇和島,本浦集会所,,O,X,NA,O,X,0,E3820300057111,宇和島市,2021/11/29
424,宇和島,嘉島小学校,,O,X,NA,O,O,0,E3820300059111,宇和島市,2021/11/29
425,宇和島,日振島小学校,,O,X,NA,O,A,0,E3820300186111,宇和島市,2021/11/29
426,宇和島,日振島公民館,,O,X,NA,O,A,0,E3820300185111,宇和島市,2021/11/29
427,宇和島,能登集会所,,X,X,NA,O,X,0,E3820300188111,宇和島市,2021/11/29
428,宇和島,喜路集会所,,X,X,NA,O,X,0,E3820300187111,宇和島市,2021/11/29
429,宇和島,吉田公民館,,O,X,NA,A,O,0,E3820300032111,宇和島市,2021/11/29
430,宇和島,吉田高等学校,,O,X,NA,X,O,0,E3820300039111,宇和島市,2021/11/29
431,宇和島,吉田中学校,,O,X,NA,X,O,0,E3820300030111,宇和島市,2021/11/29
432,宇和島,吉田小学校,,O,X,NA,O,A,0,E3820300050111,宇和島市,2021/11/29
433,宇和島,ふれあい運動公園,,O,O,NA,O,A,0,E3820300029111,宇和島市,2021/11/29
434,宇和島,知永集会所,,X,X,NA,O,A,0,E3820300028111,宇和島市,2021/11/29
435,宇和島,川口集会所,,X,X,NA,O,O,0,E3820300051111,宇和島市,2021/11/29
436,宇和島,西小路集会所,,O,X,NA,A,O,0,E3820300025111,宇和島市,2021/11/29
437,宇和島,浅川集会所,,X,X,NA,O,O,0,E3820300027111,宇和島市,2021/11/29
438,宇和島,奥南公民館,,X,X,NA,O,A,0,E3820300015111,宇和島市,2021/11/29
439,宇和島,奥南小学校,,O,X,NA,O,A,0,E3820300017111,宇和島市,2021/11/29
440,宇和島,喜佐方公民館,,X,X,NA,X,A,0,E3820300022111,宇和島市,2021/11/29
441,宇和島,喜佐方小学校,,O,O,NA,X,A,0,E3820300019111,宇和島市,2021/11/29
442,宇和島,玉津公民館,,X,X,NA,O,A,0,E3820300038111,宇和島市,2021/11/29
443,宇和島,玉津小学校,,O,X,NA,O,A,0,E3820300037111,宇和島市,2021/11/29
444,宇和島,浜集会所,,X,X,NA,O,O,0,E3820300036111,宇和島市,2021/11/29
445,宇和島,立間公民館,,X,O,NA,X,A,0,E3820300045111,宇和島市,2021/11/29
446,宇和島,立間小学校,,O,O,NA,X,A,0,E3820300043111,宇和島市,2021/11/29
447,宇和島,えひめ南農協立間中央支所,,X,O,NA,A,O,0,E3820300046111,宇和島市,2021/11/29
448,宇和島,屋敷集会所,,X,O,NA,O,X,0,E3820300048111,宇和島市,2021/11/29
449,宇和島,是能集会所,,X,O,NA,O,O,0,E3820300101111,宇和島市,2021/11/29
450,宇和島,曽根集会所,,O,O,NA,O,O,0,E3820300105111,宇和島市,2021/11/29
451,宇和島,成家集会所,,X,O,NA,O,X,0,E3820300103111,宇和島市,2021/11/29
452,宇和島,成妙小学校,,O,O,NA,O,A,0,E3820300102111,宇和島市,2021/11/29
453,宇和島,則集会所,,X,O,NA,O,O,0,E3820300107111,宇和島市,2021/11/29
454,宇和島,大藤集会所,,O,O,NA,O,O,0,E3820300108111,宇和島市,2021/11/29
455,宇和島,三間基幹集落センター,,X,O,NA,O,O,0,E3820300109111,宇和島市,2021/11/29
456,宇和島,コスモスタウン集会所,,O,O,NA,O,O,0,E3820300100111,宇和島市,2021/11/29
457,宇和島,黒井地集会所,,O,O,NA,O,O,0,E3820300094111,宇和島市,2021/11/29
458,宇和島,黒井地教育集会所,,O,O,NA,O,O,0,E3820300095111,宇和島市,2021/11/29
459,宇和島,戸雁集会所,,X,O,NA,O,O,0,E3820300091111,宇和島市,2021/11/29
460,宇和島,北宇和高等学校三間分校,,O,O,NA,O,O,0,E3820300092111,宇和島市,2021/11/29
461,宇和島,国民体育館,,X,O,NA,O,O,0,E3820300088111,宇和島市,2021/11/29
462,宇和島,三間認定こども園,,X,O,NA,O,O,0,E3820300090111,宇和島市,2021/11/29
463,宇和島,三間小学校,,O,O,NA,O,O,0,E3820300079111,宇和島市,2021/11/29
464,宇和島,三間中学校,,O,O,NA,O,O,0,E3820300089111,宇和島市,2021/11/29
465,宇和島,三間公民館,,O,O,NA,O,O,0,E3820300080111,宇和島市,2021/11/29
466,宇和島,宮野下村集会所,,X,O,NA,O,O,0,E3820300081111,宇和島市,2021/11/29
467,宇和島,北増穂集会所,,X,O,NA,O,O,0,E3820300122111,宇和島市,2021/11/29
468,宇和島,小沢川集会所,,O,O,NA,O,O,0,E3820300098111,宇和島市,2021/11/29
469,宇和島,川之内集会所,,X,O,NA,O,A,0,E3820300104111,宇和島市,2021/11/29
470,宇和島,元宗集会所,,X,O,NA,O,O,0,E3820300084111,宇和島市,2021/11/29
471,宇和島,もみの木（旧三間幼稚園）,,O,O,NA,O,O,0,E3820300085111,宇和島市,2021/11/29
472,宇和島,増田集会所,,O,O,NA,O,O,0,E3820300106111,宇和島市,2021/11/29
473,宇和島,土居中集会所,,X,O,NA,O,X,0,E3820300115111,宇和島市,2021/11/29
474,宇和島,迫目集会所,,X,O,NA,O,O,0,E3820300118111,宇和島市,2021/11/29
475,宇和島,コスモスホール三間,,O,O,NA,O,O,0,E3820300121111,宇和島市,2021/11/29
476,宇和島,ふれあい交流館,,X,O,NA,O,O,0,E3820300120111,宇和島市,2021/11/29
477,宇和島,務田迫目組集会所,,X,O,NA,O,X,0,E3820300125111,宇和島市,2021/11/29
478,宇和島,務田集会所,,X,O,NA,X,O,0,E3820300124111,宇和島市,2021/11/29
479,宇和島,三間町隣保館,,X,O,NA,X,O,0,E3820300123111,宇和島市,2021/11/29
480,宇和島,三間保健福祉センター,,O,O,NA,O,O,0,E3820300119111,宇和島市,2021/11/29
481,宇和島,中野中集会所,,O,O,NA,O,O,0,E3820300112111,宇和島市,2021/11/29
482,宇和島,波岡集会所,,X,O,NA,O,O,0,E3820300117111,宇和島市,2021/11/29
483,宇和島,波岡上集会所,,O,O,NA,O,O,0,E3820300116111,宇和島市,2021/11/29
484,宇和島,田川集会所,,O,O,NA,O,X,0,E3820300113111,宇和島市,2021/11/29
485,宇和島,金銅集会所,,X,O,NA,O,O,0,E3820300082111,宇和島市,2021/11/29
486,宇和島,土居垣内集会所,,O,O,NA,X,X,0,E3820300114111,宇和島市,2021/11/29
487,宇和島,古藤田集会所,,O,O,NA,O,X,0,E3820300086111,宇和島市,2021/11/29
488,宇和島,高齢者コミュニティセンター,,X,O,NA,O,X,0,E3820300087111,宇和島市,2021/11/29
489,宇和島,大内集会所,,O,O,NA,O,X,0,E3820300111111,宇和島市,2021/11/29
490,宇和島,二名小学校,,O,O,NA,O,O,0,E3820300110111,宇和島市,2021/11/29
491,宇和島,是延集会所,,O,O,NA,O,O,0,E3820300099111,宇和島市,2021/11/29
492,宇和島,兼近集会所,,X,O,NA,O,O,0,E3820300083111,宇和島市,2021/11/29
493,宇和島,三間中間集会所,,X,O,NA,O,X,0,E3820300097111,宇和島市,2021/11/29
494,宇和島,黒川集会所,,O,O,NA,O,X,0,E3820300096111,宇和島市,2021/11/29
495,宇和島,音地集会所,,O,O,NA,O,X,0,E3820300076111,宇和島市,2021/11/29
496,宇和島,告森消防詰所,,X,O,NA,O,X,0,E3820300077111,宇和島市,2021/11/29
497,宇和島,岩松公民館,,O,X,NA,X,O,0,E3820300157111,宇和島市,2021/11/29
498,宇和島,勤労者体育センター,,O,X,NA,X,O,0,E3820300164111,宇和島市,2021/11/29
499,宇和島,岩松小学校,,O,X,NA,X,O,0,E3820300155111,宇和島市,2021/11/29
500,宇和島,津島中学校,,O,X,NA,X,O,0,E3820300165111,宇和島市,2021/11/29
501,宇和島,宇和島東高等学校津島分校,,O,O,NA,A,A,0,E3820300163111,宇和島市,2021/11/29
502,宇和島,下谷集会所,,X,O,NA,O,O,0,E3820300162111,宇和島市,2021/11/29
503,宇和島,白鷺集会所,,O,X,NA,O,O,0,E3820300160111,宇和島市,2021/11/29
504,宇和島,清満公民館,,O,O,NA,X,A,0,E3820300159111,宇和島市,2021/11/29
505,宇和島,清満小学校,,O,O,NA,X,A,0,E3820300158111,宇和島市,2021/11/29
506,宇和島,御槇休養村管理センター（御槇公民館）,,X,O,NA,O,A,0,E3820300161111,宇和島市,2021/11/29
507,宇和島,御槇小学校,,O,O,NA,O,A,0,E3820300178111,宇和島市,2021/11/29
508,宇和島,上槙集会所,,O,O,NA,O,O,0,E3820300154111,宇和島市,2021/11/29
509,宇和島,畑地コミュニティーセンター（畑地公民館）,,O,O,NA,A,A,0,E3820300167111,宇和島市,2021/11/29
510,宇和島,畑地小学校,,O,O,NA,A,O,0,E3820300169111,宇和島市,2021/11/29
511,宇和島,三島集会所,,O,O,NA,O,A,0,E3820300168111,宇和島市,2021/11/29
512,宇和島,下灘公民館,,O,X,NA,O,A,0,E3820300179111,宇和島市,2021/11/29
513,宇和島,下灘小学校,,O,X,NA,O,A,0,E3820300181111,宇和島市,2021/11/29
514,宇和島,旧曽根小学校,,O,X,NA,O,A,0,E3820300180111,宇和島市,2021/11/29
515,宇和島,旧浦知小学校,,O,X,NA,O,A,0,E3820300151111,宇和島市,2021/11/29
516,宇和島,浦知集会所,,X,X,NA,O,O,0,E3820300152111,宇和島市,2021/11/29
517,宇和島,旧由良小学校,,O,X,NA,O,A,0,E3820300171111,宇和島市,2021/11/29
518,宇和島,旧由良小学校平井分校,,O,X,NA,O,A,0,E3820300173111,宇和島市,2021/11/29
519,宇和島,旧由良小学校須下分校,,O,X,NA,O,A,0,E3820300170111,宇和島市,2021/11/29
520,宇和島,竹ヶ島小学校,,O,X,NA,O,A,0,E3820300221111,宇和島市,2021/11/29
521,宇和島,北灘公民館,,O,X,NA,O,A,0,E3820300225111,宇和島市,2021/11/29
522,宇和島,北灘小学校,,O,X,NA,O,A,0,E3820300174111,宇和島市,2021/11/29
523,宇和島,木浦松集会所,,X,X,NA,O,O,0,E3820300175111,宇和島市,2021/11/29
524,宇和島,旧南部小学校,,O,X,NA,O,A,0,E3820300177111,宇和島市,2021/11/29
525,砥部,ひろた交流センター,,O,NA,O,O,O,0,E3840200027111,砥部,2025/1/6
526,砥部,宮内小学校,,O,NA,O,O,O,0,E3840200005111,砥部,2025/1/6
527,砥部,峡の館,,O,NA,O,O,O,0,E3840200021111,砥部,2025/1/6
528,砥部,玉谷集会所,,O,NA,O,O,X,0,E3840200006111,砥部,2025/1/6
529,砥部,玉谷町民体育館,,O,NA,O,O,X,0,E3840200039111,砥部,2025/1/6
530,砥部,県立医療技術大学,,O,NA,O,X,O,0,E3840200012111,砥部,2025/1/6
531,砥部,広田小学校,,O,NA,O,O,X,0,E3840200022111,砥部,2025/1/6
532,砥部,広田老人憩いの家,,O,NA,O,O,O,0,E3840200024111,砥部,2025/1/6
533,砥部,高市町民体育館,,O,NA,O,O,X,0,E3840200010111,砥部,2025/1/6
534,砥部,高齢者生活福祉センター,,O,NA,O,O,O,0,E3840200025111,砥部,2025/1/6
535,砥部,山村留学センター,,O,NA,O,O,X,0,E3840200011111,砥部,2025/1/6
536,砥部,篠谷集会所,,O,NA,O,O,O,0,E3840200037111,砥部,2025/1/6
537,砥部,重光集会所,,O,NA,O,O,O,0,E3840200017111,砥部,2025/1/6
538,砥部,松山南高校砥部分校,,O,NA,O,O,O,0,E3840200002111,砥部,2025/1/6
539,砥部,総合福祉センターはらまち,,O,NA,O,O,O,0,E3840200009111,砥部,2025/1/6
540,砥部,大平集会所,,O,NA,O,O,O,0,E3840200032111,砥部,2025/1/6
541,砥部,田ノ浦集会所,,O,NA,O,O,O,0,E3840200033111,砥部,2025/1/6
542,砥部,砥部小学校,,O,NA,O,O,O,0,E3840200028111,砥部,2025/1/6
543,砥部,砥部中学校,,O,NA,O,O,O,0,E3840200019111,砥部,2025/1/6
544,砥部,砥部町商工会館,,O,NA,O,O,O,0,E3840200030111,砥部,2025/1/6
545,砥部,陶街道ゆとり公園,,O,NA,O,O,O,0,E3840200018111,砥部,2025/1/6
546,砥部,八倉集会所,,O,NA,O,O,O,0,E3840200034111,砥部,2025/1/6
547,砥部,文化会館,,O,NA,O,O,O,0,E3840200004111,砥部,2025/1/6
548,砥部,保健センター,,O,NA,O,O,O,0,E3840200003111,砥部,2025/1/6
549,砥部,麻生小学校,,O,NA,O,O,O,0,E3840200013111,砥部,2025/1/6
550,砥部,麻生保育所,,O,NA,O,O,O,0,E3840200036111,砥部,2025/1/6
551,砥部,老人生きがいの家,,O,NA,O,O,O,0,E3840200014111,砥部,2025/1/6
552,伊予,ウェルピア伊予 ,,O,O,O,O,O,0,E3821000003111,伊予,2024/6/4
553,伊予,さざなみ館 ,,O,O,O,O,O,0,E3821000049111,伊予,2024/6/4
554,伊予,しもなだ体育館 ,,O,O,O,O,O,0,E3821000017111,伊予,2024/6/4
555,伊予,じゅらく生きがい活動センター ,,O,O,O,O,O,0,E3821000002111,伊予,2024/6/4
556,伊予,ふたみ農林漁業者トレーニングセンター ,,O,O,O,O,O,0,E3821000024111,伊予,2024/6/4
557,伊予,ふたみ林業センター ,,O,O,O,O,O,0,E3821000025111,伊予,2024/6/4
558,伊予,愛媛県農林水産研究所水産研究センター栽培資源研究所 ,,O,O,O,O,O,0,E3821000012111,伊予,2024/6/4
559,伊予,伊予市総合保健福祉センター ,,O,O,O,O,O,0,E3821000047111,伊予,2024/6/4
560,伊予,伊予市民体育館 ,,O,O,O,O,O,0,E3821000014111,伊予,2024/6/4
561,伊予,伊予小学校 ,,O,O,O,O,O,0,E3821000008111,伊予,2024/6/4
562,伊予,伊予中学校 ,,O,O,O,O,O,0,E3821000009111,伊予,2024/6/4
563,伊予,伊予農業高等学校 ,,O,O,O,O,O,0,E3821000001111,伊予,2024/6/4
564,伊予,永木構造改善センター ,,O,O,O,O,O,0,E3821000040111,伊予,2024/6/4
565,伊予,永木体育館 ,,O,O,O,O,O,0,E3821000038111,伊予,2024/6/4
566,伊予,下灘コミュニティセンター ,,O,O,O,O,O,0,E3821000018111,伊予,2024/6/4
567,伊予,下灘小学校 ,,O,O,O,O,O,0,E3821000015111,伊予,2024/6/4
568,伊予,宮下集会所 ,,O,O,O,O,O,0,E3821000006111,伊予,2024/6/4
569,伊予,郡中小学校 ,,O,O,O,O,O,0,E3821000007111,伊予,2024/6/4
570,伊予,郡中地区公民館 ,,O,O,O,O,O,0,E3821000044111,伊予,2024/6/4
571,伊予,港南中学校 ,,O,O,O,O,O,0,E3821000048111,伊予,2024/6/4
572,伊予,佐礼谷小学校 ,,O,O,O,O,O,0,E3821000031111,伊予,2024/6/4
573,伊予,佐礼谷生活改善センター ,,O,O,O,O,O,0,E3821000029111,伊予,2024/6/4
574,伊予,彩浜館 ,,O,O,O,O,O,0,E3821000043111,伊予,2024/6/4
575,伊予,上野地区公民館 ,,O,O,O,O,O,0,E3821000010111,伊予,2024/6/4
576,伊予,翠小学校 ,,O,O,O,O,O,0,E3821000021111,伊予,2024/6/4
577,伊予,双海中学校 ,,O,O,O,O,O,0,E3821000023111,伊予,2024/6/4
578,伊予,大平地区公民館 ,,O,O,O,O,O,0,E3821000026111,伊予,2024/6/4
579,伊予,中山コミュニティセンター ,,O,O,O,O,O,0,E3821000036111,伊予,2024/6/4
580,伊予,中山小学校 ,,O,O,O,O,O,0,E3821000032111,伊予,2024/6/4
581,伊予,中山中学校 ,,O,O,O,O,O,0,E3821000033111,伊予,2024/6/4
582,伊予,中村地区公民館 ,,O,O,O,O,O,0,E3821000042111,伊予,2024/6/4
583,伊予,長沢体育館 ,,O,O,O,O,O,0,E3821000030111,伊予,2024/6/4
584,伊予,唐川ふれあい館 ,,O,O,O,O,O,0,E3821000004111,伊予,2024/6/4
585,伊予,南山崎小学校 ,,O,O,O,O,O,0,E3821000028111,伊予,2024/6/4
586,伊予,八倉中央集会所 ,,O,O,O,O,O,0,E3821000045111,伊予,2024/6/4
587,伊予,扶桑会館 ,,O,O,O,O,O,0,E3821000011111,伊予,2024/6/4
588,伊予,北山崎小学校 ,,O,O,O,O,O,0,E3821000041111,伊予,2024/6/4
589,伊予,野中構造改善センター ,,O,O,O,O,O,0,E3821000035111,伊予,2024/6/4
590,伊予,野中体育館 ,,O,O,O,O,O,0,E3821000034111,伊予,2024/6/4
591,伊予,由並小学校 ,,O,O,O,O,O,0,E3821000019111,伊予,2024/6/4
592,伊予,緑風館 ,,O,O,O,O,O,0,E3821000027111,伊予,2024/6/4
593,松前,伊予高等学校,,O,O,O,O,O,0,E3840100020111,松前,2023/10/3
594,松前,岡田小学校,,O,O,O,O,O,0,E3840100006111,松前,2023/10/3
595,松前,岡田中学校,,O,O,O,O,O,0,E3840100001111,松前,2023/10/3
596,松前,松前公園,,O,O,O,O,O,0,E3840100015111,松前,2023/10/3
597,松前,松前小学校,,O,O,O,O,O,0,E3840100012111,松前,2023/10/3
598,松前,松前中学校,,O,O,O,O,O,0,E3840100019111,松前,2023/10/3
599,松前,松前町国体記念ホッケー公園,,O,O,O,O,O,0,E3840100010111,松前,2023/10/3
600,松前,北伊予小学校,,O,O,O,O,O,0,E3840100002111,松前,2023/10/3
601,松前,北伊予中学校,,O,O,O,O,O,0,E3840100003111,松前,2023/10/3
602,久万,B&G海洋センター 菅生2−1644−1 21−2808,,O,NA,O,O,O,0,E3838600023111,久万高原,2021/3/1
603,面河,おもご高齢者生活支援ハウス 渋草2310 50−1833 福祉避難所,,NA,NA,NA,NA,NA,0,E3838600010121,久万高原,2021/3/1
604,久万,ささゆり荘 菅生2 − 626 21−0083　福祉避難所,,NA,NA,NA,NA,NA,0,E3838600024121,久万高原,2021/3/1
605,久万,サマリアの家 上野尻甲623−2 21−2233　福祉避難所,,NA,NA,NA,NA,NA,0,E3838600021121,久万高原,2021/3/1
606,久万,シオンの家 上野尻甲535 21−0635　福祉避難所,,NA,NA,NA,NA,NA,0,E3838600020122,久万高原,2021/3/1
607,久万,ぶどうの樹 上野尻甲535 21−1677　福祉避難所,,NA,NA,NA,NA,NA,0,E3838600020121,久万高原,2021/3/1
608,久万,ふるさと旅行村 下畑野川乙488 41−0711,,O,NA,O,O,O,0,E3838600001111,久万高原,2021/3/1
609,久万,ほたる交流館 二名甲291 − 1,,O,NA,O,O,O,0,E3838600043111,久万高原,2021/3/1
610,久万,メサイア 上野尻甲535 21−3383　福祉避難所,,NA,NA,NA,NA,NA,0,E3838600020123,久万高原,2021/3/1
611,柳谷,旭健康増進センター 中津4346 54−2947,,O,NA,O,O,O,0,E3838600034111,久万高原,2021/3/1
612,柳谷,下四組集会所 西谷11748,,O,NA,O,O,O,0,E3838600027111,久万高原,2021/3/1
613,久万,下直瀬ふれあい館 直瀬甲5104 31−0452,,O,NA,O,O,O,0,E3838600038111,久万高原,2021/3/1
614,面河,笠方分館 笠方1923 − 1 58−2745,,O,NA,O,O,O,0,E3838600002111,久万高原,2021/3/1
615,久万,久万の里 菅生3−580−24 21−1000　福祉避難所,,NA,NA,NA,NA,NA,0,E3838600025121,久万高原,2021/3/1
616,久万,久万小学校 上野尻甲846 21−1122,,O,NA,O,O,O,0,E3838600022111,久万高原,2021/3/1
617,久万,久万中学校 久万600 21−0013,,O,NA,O,O,O,0,E3838600006111,久万高原,2021/3/1
618,久万,久万町民館 久万188 21−0139,,O,NA,O,O,O,0,E3838600004112,久万高原,2021/3/1
619,久万,久万分館 久万483 21−0236,,O,NA,O,O,O,0,E3838600005111,久万高原,2021/3/1
620,柳谷,古味多目的施設 西谷3440,,O,NA,O,O,O,0,E3838600028111,久万高原,2021/3/1
621,美川,黒藤川分館 黒藤川1086 56−0834,,O,NA,O,O,O,0,E3838600007111,久万高原,2021/3/1
622,久万,産業文化会館 久万188 21−2061,,O,NA,O,O,O,0,E3838600004111,久万高原,2021/3/1
623,美川,仕七川小学校 東川207 − 1 57−0381,,O,NA,O,O,O,0,E3838600039111,久万高原,2021/3/1
624,美川,社会福祉協議会本所 上黒岩2920−1 56−0750　福祉避難所,,NA,NA,NA,NA,NA,0,E3838600015121,久万高原,2021/3/1
625,面河,若山分館 若山703 − 1 58−2675,,O,NA,O,O,O,0,E3838600009111,久万高原,2021/3/1
626,久万,松山市農協久万支所 久万1416 21−1245,,O,NA,O,O,O,0,E3838600003111,久万高原,2021/3/1
627,久万,上浮穴高等学校 上野尻甲486 21−1205,,O,NA,O,O,O,0,E3838600019111,久万高原,2021/3/1
628,面河,城山分館 本組956 58−2842,,O,NA,O,O,O,0,E3838600047111,久万高原,2021/3/1
629,柳谷,西谷分館 西谷10203−1 55−0022,,O,NA,O,O,O,0,E3838600026111,久万高原,2021/3/1
630,面河,前組分館 前組1773 58−2853,,O,NA,O,O,O,0,E3838600030111,久万高原,2021/3/1
631,久万,創作館 西明神315 21−2248,,O,NA,O,O,O,0,E3838600029111,久万高原,2021/3/1
632,面河,相の峰分館 相の峰342 58−2489,,O,NA,O,O,O,0,E3838600031111,久万高原,2021/3/1
633,面河,中組分館 中組2424 58−2798,,O,NA,O,O,O,0,E3838600033111,久万高原,2021/3/1
634,柳谷,中津分館 中津4726 54−2759,,O,NA,O,O,O,0,E3838600035111,久万高原,2021/3/1
635,久万,直瀬住民センター 直瀬甲2881−1 31−0453,,O,NA,O,O,O,0,E3838600036111,久万高原,2021/3/1
636,久万,直瀬小学校 直瀬甲3974−3 31−0040,,O,NA,O,O,O,0,E3838600037111,久万高原,2021/3/1
637,美川,東川健康増進センター 東川4900 − 1 57−0382,,O,NA,O,O,O,0,E3838600040111,久万高原,2021/3/1
638,美川,道の駅「みかわ」 上黒岩2840−1 56−0330,,O,NA,O,O,O,0,E3838600013111,久万高原,2021/3/1
639,美川,二箆分館 黒藤川6332 57−0938,,O,NA,O,O,O,0,E3838600008111,久万高原,2021/3/1
640,久万,二名体育館 二名甲2361,,O,NA,O,O,O,0,E3838600042111,久万高原,2021/3/1
641,久万,入野福祉館 入野277 21−1744,,O,NA,O,O,O,0,E3838600046111,久万高原,2021/3/1
642,久万,畑野川小学校 上畑野川甲521−1 41−0203,,O,NA,O,O,O,0,E3838600017111,久万高原,2021/3/1
643,美川,美川小学校 大川4333 56−0693,,O,NA,O,O,O,0,E3838600032111,久万高原,2021/3/1
644,美川,美川中学校 上黒岩2890 56−0134,,O,NA,O,O,O,0,E3838600014111,久万高原,2021/3/1
645,美川,美川南分館 日野浦3376,,O,NA,O,O,O,0,E3838600044111,久万高原,2021/3/1
646,美川,美川農村環境改善センター 上黒岩2923−1 56−0211,,O,NA,O,O,O,0,E3838600016111,久万高原,2021/3/1
647,久万,父二峰小学校 露峰甲364 21−1633,,O,NA,O,O,O,0,E3838600052111,久万高原,2021/3/1
648,久万,明神小学校 東明神甲698−1 21−1058,,O,NA,O,O,O,0,E3838600041111,久万高原,2021/3/1
649,面河,面河住民センター 渋草2431 58−2111,,O,NA,O,O,O,0,E3838600012111,久万高原,2021/3/1
650,面河,面河小学校 渋草2314 58−2043,,O,NA,O,O,O,0,E3838600011111,久万高原,2021/3/1
651,久万,野尻分館 上野尻甲190 21−1889,,O,NA,O,O,O,0,E3838600018111,久万高原,2021/3/1
652,柳谷,柳井川集会所 柳井川786 − 2 54−2160,,O,NA,O,O,O,0,E3838600049111,久万高原,2021/3/1
653,柳谷,柳谷小学校 柳井川3542 54−2115,,O,NA,O,O,O,0,E3838600048111,久万高原,2021/3/1
654,久万,落合ふれあい館 露峰甲2519−4 21−2190,,O,NA,O,O,O,0,E3838600051111,久万高原,2021/3/1
655,城辺,あいなん幼稚園・南楽荘（旧深浦小学校（体育館）） 深浦3番地 72-1113 73-0388 ○ ○ 360,,O,O,O,O,O,0,E3850600117111,愛南,2020/3/2
656,内海,愛南町役場内海支所（DE・あ・い･21） 柏390番地 85-1021 ○ ○ ○ 957,,X,X,X,O,O,0,E3850600188111,愛南,2020/3/2
657,一本松,一本松あけぼの荘 増田5470番地 84-3260 ○ 713,,O,O,O,X,X,0,E3850600147111,愛南,2020/3/2
658,一本松,一本松ふるさと生活館 一本松338-2 ○ 105,,O,O,O,X,X,0,E3850600235111,愛南,2020/3/2
659,一本松,一本松交流促進センター 増田5259番地3 84-3420 ○ ○ 721,,O,O,O,O,O,0,E3850600146111,愛南,2020/3/2
660,一本松,一本松山村開発センター（一本松公民館） 一本松3520番地 84-1252 ○ ○ ○ ○ 488,,O,O,O,O,O,0,E3850600236111,愛南,2020/3/2
661,一本松,一本松小学校（体育館） 一本松5121番地1 84-2071 ○ ○ 455,,O,O,O,O,O,0,E3850600237111,愛南,2020/3/2
662,一本松,一本松保健センター 一本松5068番地2 84-1251 ○ 251,,O,O,O,X,X,0,E3850600003111,愛南,2020/3/2
663,内海,家串小学校（体育館） 家串1232番地 85-0506 ○ 344,,X,X,X,O,O,0,E3850600011111,愛南,2020/3/2
664,城辺,久良ふるさとセンター（久良公民館） 久良2095番地 70-1505 ○ ○ ○ 264,,X,X,X,O,O,0,E3850600040111,愛南,2020/3/2
665,城辺,久良小学校（体育館） 久良2035番地 72-0519 ○ ○ 688,,O,O,O,O,O,0,E3850600038111,愛南,2020/3/2
666,御荘,旧菊川小学校（教育教室棟） 御荘菊川1157番地 ○ 150,,O,O,O,X,X,0,E3850600062111,愛南,2020/3/2
667,御荘,旧菊川小学校（体育館） 御荘菊川1157番地 ○ ○ 376,,O,O,O,O,O,0,E3850600062112,愛南,2020/3/2
668,御荘,旧御荘学校給食センター 御荘和口174番地 ○ 486,,O,O,O,X,X,0,E3850600097111,愛南,2020/3/2
669,西海,旧西浦小学校（体育館） 内泊25番地１ ○ 351,,X,X,X,O,O,0,E3850600181111,愛南,2020/3/2
670,西海,旧西海中学校（教室棟） 船越１番地 ○ 1248,,O,O,O,X,X,0,E3850600137111,愛南,2020/3/2
671,西海,旧西海中学校（体育館） 船越１番地 ○ ○ 482,,O,O,O,O,O,0,E3850600137112,愛南,2020/3/2
672,御荘,旧赤水小学校（体育館） 赤水581番地 ○ 248,,X,X,X,O,O,0,E3850600134111,愛南,2020/3/2
673,御荘,旧中浦小学校（体育館） 中浦501番地 ○ 543,,X,X,X,O,O,0,E3850600163111,愛南,2020/3/2
674,城辺,旧東海小学校（体育館） 岩水7番地１ ○ 353,,X,X,X,O,O,0,E3850600031111,愛南,2020/3/2
675,一本松,旧満倉小学校（体育館） 上大道683番地 ○ ○ 249,,O,O,O,O,O,0,E3850600105112,愛南,2020/3/2
676,一本松,旧満倉小学校教室棟 上大道683番地 ○ 408,,O,O,O,X,X,0,E3850600105111,愛南,2020/3/2
677,内海,魚神山公民館分館 魚神山569番地 ○ ○ ○ 148,,X,X,X,O,O,0,E3850600058111,愛南,2020/3/2
678,御荘,御荘中学校（体育館） 御荘平城3787番地 72-0231 ○ 1171,,X,X,X,O,O,0,E3850600088111,愛南,2020/3/2
679,御荘,御荘農村研修センター（菊川公民館） 御荘菊川1159番地１ 74-0334 ○ ○ ○ 183,,O,O,O,X,X,0,E3850600063111,愛南,2020/3/2
680,御荘,御荘文化センター 御荘平城3063番地１ 73-1111 ○ ○ ○ 2400,,X,X,X,O,O,0,E3850600084111,愛南,2020/3/2
681,一本松,広見コミュニティセンター 広見1648番地1 ○ 172 一本松,,O,O,O,X,X,0,E3850600098111,愛南,2020/3/2
682,城辺,山出憩いの里温泉 緑乙4082番地 72-6263 ○ 334,,O,O,O,X,X,0,E3850600230111,愛南,2020/3/2
683,一本松,篠山小中学校（体育館） 正木1276番地1 84-2551 ○ ○ 367,,O,O,O,O,O,0,E3850600129111,愛南,2020/3/2
684,一本松,上大道集会所（上大道公民館） 上大道796番地1 84-3751 ○ 66,,X,X,X,X,X,0,E3850600006121,愛南,2020/3/2
685,城辺,城の辺学習館 城辺甲1943番地 72-0065 ○ ○ ○ ○ 535,,O,O,O,O,O,0,E3850600109111,愛南,2020/3/2
686,城辺,城辺小学校（体育館） 城辺甲2707番地 72-0064 ○ ○ 797,,O,O,O,O,O,0,E3850600111112,愛南,2020/3/2
687,城辺,城辺中学校（体育館） 城辺甲2707番地 72-0547 ○ ○ 669,,O,O,O,O,O,0,E3850600111111,愛南,2020/3/2
688,城辺,深浦公民館 深浦260番地 70-1503 ○ ○ 411,,X,X,X,O,O,0,E3850600116111,愛南,2020/3/2
689,西海,西海町民会館（西海公民館） 船越1057番地 82-0069 ○ ○ ○ 583,,X,X,X,O,O,0,E3850600138111,愛南,2020/3/2
690,西海,西海保健福祉センター 樫月212番地１ 82-0033 ○ ○ ○ 1100,,O,O,O,O,O,0,E3850600022111,愛南,2020/3/2
691,西海,船越小学校（体育館） 船越1268番地 82-0178 ○ ○ 409,,O,O,O,O,O,0,E3850600139111,愛南,2020/3/2
692,城辺,僧都ふれあい交流館（僧都公民館） 僧都279番地 70-1502 ○ ○ ○ ○ 232,,O,O,O,O,O,0,E3850600144111,愛南,2020/3/2
693,城辺,僧都小学校（体育館） 僧都262番地 72-6136 ○ ○ 262,,O,O,O,O,O,0,E3850600143111,愛南,2020/3/2
694,一本松,増田コミュニティセンター 増田3148番地 ○ 152,,O,O,O,X,X,0,E3850600145111,愛南,2020/3/2
695,城辺,大森文化会館 城辺甲2962番地 72-0837 ○ ○ ○ 99,,O,O,O,O,O,0,E3850600112111,愛南,2020/3/2
696,御荘,中浦漁村振興センター（中浦公民館） 中浦830番地 75-0334 ○ ○ ○ 542,,X,X,X,O,O,0,E3850600166111,愛南,2020/3/2
697,一本松,中川コミュニティセンター 中川957番地1 ○ 121,,O,O,O,X,X,0,E3850600173111,愛南,2020/3/2
698,御荘,長月小学校体育館（長月公民館） 御荘長月913番地1 72-1659 ○ ○ ○ 444,,O,O,O,O,O,0,E3850600069111,愛南,2020/3/2
699,城辺,東海公民館 岩水114番地 70-1504 ○ ○ ○ 275,,X,X,X,O,O,0,E3850600025111,愛南,2020/3/2
700,城辺,東海公民館中玉分館 中玉303番地 72-3410 ○ ○ 154,,X,X,X,O,O,0,E3850600168111,愛南,2020/3/2
701,内海,内海中学校（体育館） 須ノ川295番地1 85-0078 ○ 576,,X,X,X,O,O,0,E3850600126111,愛南,2020/3/2
702,御荘,南宇和高校体育館 御荘平城3269番地 ○ 676,,O,O,O,X,X,0,E3850600086111,愛南,2020/3/2
703,御荘,南宇和高校第３教棟 御荘平城3269番地 72-1241 ○ 612,,O,O,O,X,X,0,E3850600086112,愛南,2020/3/2
704,内海,柏小学校（体育館） 柏617番地 85-0014 ○ 349,,X,X,X,O,O,0,E3850600189111,愛南,2020/3/2
705,西海,福浦公民館 福浦994番地 83-0363 ○ ○ ○ 325,,X,X,X,O,O,0,E3850600206111,愛南,2020/3/2
706,西海,福浦公民館武者泊分館 武者泊615番地 83-0139 ○ ○ 122,,X,X,X,O,O,0,E3850600197111,愛南,2020/3/2
707,西海,福浦小学校（体育館） 福浦470番地 83-0357 ○ 459,,X,X,X,O,O,0,E3850600203111,愛南,2020/3/2
708,御荘,平城小学校（体育館） 御荘平城2332番地 72-0022 ○ ○ 570,,O,O,O,O,O,0,E3850600079111,愛南,2020/3/2
709,城辺,緑基幹集落センター（緑公民館） 緑乙1514番地 70-1501 ○ ○ ○ 294,,O,O,O,O,O,0,E3850600228111,愛南,2020/3/2
710,城辺,緑小学校（体育館） 緑乙3231番地 72-0839 ○ ○ 390,,O,O,O,O,O,0,E3850600229111,愛南,2020/3/2
711,伊方,"伊方ｽﾎﾟｰﾂｾﾝﾀｰ 湊浦 803-1 2,059 1,029 ○ ○ × 4.3 8.44",,O,X,X,O,O,0,E3844200037111,伊方,2017/1/16
712,伊方,"伊方小学校 湊浦 993-1 1,584 792 ○ ○ × 1.4 8.44",,O,X,X,O,O,0,E3844200041112,伊方,2017/1/16
713,伊方,伊方小学校体育館 湊浦 993-1 774 387 ○ ○ × 1.4 8.44,,O,X,X,O,O,0,E3844200041111,伊方,2017/1/16
714,伊方,"伊方中学校 湊浦 803-1 3,694 1,847 ○ ○ × 4.3 8.44",,O,X,X,O,O,0,E3844200037114,伊方,2017/1/16
715,伊方,伊方中学校体育館 湊浦 803-1 850 425 ○ ○ × 4.3 8.44,,O,X,X,O,O,0,E3844200037113,伊方,2017/1/16
716,伊方,伊方町地域振興ｾﾝﾀｰ 川永田甲 1534-1 665 332 ○ ○ ○ 128 9.02,,O,O,O,O,O,0,E3844200023111,伊方,2017/1/16
717,伊方,伊方町中央保健ｾﾝﾀｰ 湊浦 866 268 134 ○ ○ × 2.9 8.44 福祉避難所を兼ねる,,O,X,X,O,O,0,E3844200039112,伊方,2017/1/16
718,伊方,"伊方町民会館 湊浦 1995-1 1,733 866 ○ ○ ○ 1.8 8.44 津波については 3 階以上を適とする（防護施設を含む）",,O,O,O,O,O,0,E3844200036111,伊方,2017/1/16
719,伊方,伊方武道館 湊浦 803-1 555 277 ○ ○ × 4.3 8.44,,O,X,X,O,O,0,E3844200037112,伊方,2017/1/16
720,三崎,旧佐田岬小学校 串 473 710 355 × ○ ○ 110 3.29,,O,O,O,X,X,0,E3844200008111,伊方,2017/1/16
721,三崎,旧二名津小学校 二名津 365 731 365 × ○ ○ 14.3 3.91,,O,O,O,X,X,0,E3844200032111,伊方,2017/1/16
722,伊方,"九町小学校 九町 1-1712-1 1,832 916 × ○ × 2.9 8.25",,O,X,X,X,X,0,E3844200003112,伊方,2017/1/16
723,伊方,九町小学校体育館 九町 1-1712-1 561 280 × ○ × 2.9 8.25,,O,X,X,X,X,0,E3844200003111,伊方,2017/1/16
724,三崎,串地区体育館 串 110 829 414 × ○ × 4 3.29,,O,X,X,X,X,0,E3844200007111,伊方,2017/1/16
725,瀬戸,"三机小学校 三机乙 2515 1,953 976 × ○ ○ 12.6 3.99",,O,O,O,X,X,0,E3844200012111,伊方,2017/1/16
726,瀬戸,三机地区体育館 三机乙 1895-1 725 362 × ○ ○ 12.6 3.99,,O,O,O,X,X,0,E3844200011111,伊方,2017/1/16
727,三崎,三崎公民館二名津分館 二名津 442 680 340 × × ○ 5.6 3.91,,X,O,O,X,X,0,E3844200033112,伊方,2017/1/16
728,三崎,三崎高等学校 三崎 511 903 451 ○ ○ ○ 57.8 13.56 （防護施設を含む）,,O,O,O,O,O,0,E3844200017112,伊方,2017/1/16
729,三崎,三崎高等学校体育館 三崎 511 667 333 ○ ○ ○ 58.2 13.56,,O,O,O,O,O,0,E3844200017111,伊方,2017/1/16
730,三崎,"三崎小学校 三崎 907 1,784 892 × ○ × 2.5 13.56",,O,X,X,X,X,0,E3844200019111,伊方,2017/1/16
731,三崎,三崎小中学校体育館 三崎 907 909 454 × ○ × 2.9 13.56,,O,X,X,X,X,0,E3844200019112,伊方,2017/1/16
732,三崎,"三崎総合体育館 三崎 699 1,878 939 × ○ × 3 13.56",,O,X,X,X,X,0,E3844200018111,伊方,2017/1/16
733,三崎,"三崎中学校 三崎 908 2,306 1,153 × ○ × 2.5 13.56",,O,X,X,X,X,0,E3844200020111,伊方,2017/1/16
734,三崎,"三崎保健福祉ｾﾝﾀｰ（三崎デイサービスセンター）　三崎 1700-16 1,608 804 × ○ × 3.9 13.56 福祉避難所を兼ねる",,O,X,X,X,X,0,E3844200015112,伊方,2017/1/16
735,瀬戸,四ツ浜地区体育館 大久 2516-1 752 376 × ○ × 11.5 12.86,,O,X,X,X,X,0,E3844200028111,伊方,2017/1/16
736,伊方,"水ヶ浦小学校 中之浜 10-1 1,717 858 × ○ ○ 32.1 7.78",,O,O,O,X,X,0,E3844200030112,伊方,2017/1/16
737,伊方,水ヶ浦小学校体育館 中之浜 10-1 626 313 × ○ ○ 32.1 7.78,,O,O,O,X,X,0,E3844200030111,伊方,2017/1/16
738,瀬戸,瀬戸アグリトピア 大久 2465-1 616 308 ○ ○ ○ 312 3.95,,O,O,O,O,O,0,E3844200027111,伊方,2017/1/16
739,瀬戸,"瀬戸総合体育館 三机乙 3305-1 2,018 1,009 ○ ○ ○ 40.2 3.99",,O,O,O,O,O,0,E3844200013111,伊方,2017/1/16
740,瀬戸,"瀬戸中学校 三机乙 3305-1 2,061 1,030 ○ ○ ○ 40.2 3.99",,O,O,O,O,O,0,E3844200013112,伊方,2017/1/16
741,瀬戸,瀬戸町民センター 三机乙 1084-1 690 345 × ○ × 2.6 3.99 福祉避難所を兼ねる,,O,X,X,X,X,0,E3844200009112,伊方,2017/1/16
742,伊方,"生涯学習センター 湊浦 1992 1,747 873 ○ ○ ○ 1.8 8.44 津波については 3 階以上を適とする",,O,O,O,O,O,0,E3844200035111,伊方,2017/1/16
743,瀬戸,"大久小学校 大久 1638 1,880 940 × ○ × 10.5 12.86",,O,X,X,X,X,0,E3844200026111,伊方,2017/1/16
744,伊方,町見公民館 九町 1－1800-6 314 157 × ○ × 5.3 8.25,,O,X,X,X,X,0,E3844200004111,伊方,2017/1/16
745,伊方,"町見体育館 九町 1－1807-1 1,286 643 ○ ○ × 6.5 8.25",,O,X,X,O,O,0,E3844200005111,伊方,2017/1/16
746,伊方,二見地区体育館 二見甲 1239 561 280 ○ ○ × 1.9 7.27,,O,X,X,O,O,0,E3844200031111,伊方,2017/1/16
747,三崎,二名津地区体育館 二名津 442 532 266 × ○ ○ 5.6 3.91,,O,O,O,X,X,0,E3844200033111,伊方,2017/1/16
748,伊方,豊之浦地区体育館 豊之浦 860 544 272 ○ ○ ○ 69 7.51,,O,O,O,O,O,0,E3844200034111,伊方,2017/1/16
749,伊方,有寿来体育館 伊方越 140-1 420 210 ○ ○ ○ 121 3.77,,O,O,O,O,O,0,E3844200001111,伊方,2017/1/16
750,愛治,愛治公民館,,O,X,X,O,O,0,E3848800026111,鬼北,2023/11/15
751,愛治,愛治小学校,,O,X,X,O,O,0,E3848800027112,鬼北,2023/11/15
752,愛治,愛治小学校体育館,,O,X,X,O,O,0,E3848800027111,鬼北,2023/11/15
753,近永,鬼北総合公園体育館,,O,X,X,O,O,0,E3848800002111,鬼北,2023/11/15
754,近永,近永公民館,,O,X,X,O,O,0,E3848800020111,鬼北,2023/11/15
755,近永,近永小学校,,O,X,X,O,O,0,E3848800029112,鬼北,2023/11/15
756,近永,近永小学校体育館,,O,X,X,O,O,0,E3848800029111,鬼北,2023/11/15
757,好藤,好藤公民館,,O,X,X,O,O,0,E3848800030111,鬼北,2023/11/15
758,好藤,好藤小学校,,O,X,X,O,O,0,E3848800031112,鬼北,2023/11/15
759,好藤,好藤小学校体育館,,O,X,X,O,O,0,E3848800031111,鬼北,2023/11/15
760,近永,広見中学校,,O,X,X,O,O,0,E3848800001112,鬼北,2023/11/15
761,近永,広見中学校体育館,,O,X,X,O,O,0,E3848800001111,鬼北,2023/11/15
762,三島,三島公民館,,O,X,X,O,O,0,E3848800023111,鬼北,2023/11/15
763,三島,三島小学校,,O,X,X,O,O,0,E3848800006111,鬼北,2023/11/15
764,三島,三島小学校体育館,,O,X,X,O,O,0,E3848800005111,鬼北,2023/11/15
765,泉,泉公民館,,O,X,X,O,O,0,E3848800015111,鬼北,2023/11/15
766,泉,泉小学校,,O,X,X,O,O,0,E3848800014112,鬼北,2023/11/15
767,泉,泉小学校体育館,,O,X,X,O,O,0,E3848800014111,鬼北,2023/11/15
768,日吉,日吉住民センター,,O,X,X,O,O,0,E3848800008111,鬼北,2023/11/15
769,日吉,日吉中央集会所,,O,X,X,O,O,0,E3848800009111,鬼北,2023/11/15
770,日吉,日吉中学校屋内運動場,,O,X,X,O,O,0,E3848800013111,鬼北,2023/11/15
771,日吉,日吉保健センター,,O,X,X,O,O,0,E3848800007111,鬼北,2023/11/15
772,日吉,農林業者トレーニングセンター,,O,X,X,O,O,0,E3848800011111,鬼北,2023/11/15
773,日吉,富母里施設（体育館）,,O,X,X,O,O,0,E3848800032111,鬼北,2023/11/15
774,近永,北宇和高等学校,,O,X,X,O,O,0,E3848800022112,鬼北,2023/11/15
775,近永,北宇和高等学校体育館,,O,X,X,O,O,0,E3848800022111,鬼北,2023/11/15
